  0
SECTION
  2
HEADER
  9
$ANGBASE
  50
0.0
  9
$ANGDIR
  70
1
  9
$MEASUREMENT
  70
1
  9
$INSUNITS
  70
4
  0
ENDSEC
  0
SECTION
  2
TABLES
  0
TABLE
  2
LTYPE
  70
4
  0
LTYPE
  5
40F
  2
CONTINUOUS
  70
0
  3
Solid line
  72
65
  73
0
  40
0.0
  0
LTYPE
  5
410
  2
DASHDOT
 70
0
  3
Dash Dot ____ _ ____ _
 72
65
 73
4
 40
2.0
 49
1.25
 49
-0.25
 49
0.25
 49
-0.25
  0
LTYPE
  5
411
  2
DASHED
 70
0
  3
Dashed __ __ __ __ __
 72
65
 73
2
 40
0.75
 49
0.5
 49
-0.25
  0
LTYPE
  5
43B
  2
DOTTED
 70
0
  3
Dotted .  .  .  .
 72
65
 73
2
 40
0.2
 49
0.0
 49
-0.2
  0
ENDTAB
  0
TABLE
  2
STYLE
  70
4
  0
STYLE
  2
KICAD
  70
0
  40
0
  41
1
  42
1
  50
0
  71
0
  3
isocp.shx
  0
STYLE
  2
KICADB
  70
0
  40
0
  41
1
  42
1
  50
0
  71
0
  3
isocp.shx
  0
STYLE
  2
KICADI
  70
0
  40
0
  41
1
  42
1
  50
15
  71
0
  3
isocp.shx
  0
STYLE
  2
KICADBI
  70
0
  40
0
  41
1
  42
1
  50
15
  71
0
  3
isocp.shx
  0
ENDTAB
  0
TABLE
  2
LAYER
  70
3
  0
LAYER
  2
F.Cu
  70
0
  62
11
  420
14377611
  6
CONTINUOUS
  0
LAYER
  2
B.Cu
  70
0
  62
9
  420
10986950
  6
CONTINUOUS
  0
LAYER
  2
Edge.Cuts
  70
0
  62
250
  420
16777215
  6
CONTINUOUS
  0
ENDTAB
  0
ENDSEC
  0
SECTION
  2
ENTITIES
0
LINE
8
F.Cu
6
CONTINUOUS
10
86.0014960000000031
20
-138.1535140000000013
11
86.174004999999994
21
-138.2249699999999848
0
LINE
8
F.Cu
6
CONTINUOUS
10
86.174004999999994
20
-138.2249699999999848
11
86.3292599999999908
21
-138.328708000000006
0
LINE
8
F.Cu
6
CONTINUOUS
10
86.3292599999999908
20
-138.328708000000006
11
86.4612920000000003
21
-138.460739999999987
0
LINE
8
F.Cu
6
CONTINUOUS
10
86.4612920000000003
20
-138.460739999999987
11
86.565029999999993
21
-138.6159949999999981
0
LINE
8
F.Cu
6
CONTINUOUS
10
86.565029999999993
20
-138.6159949999999981
11
86.6364859999999908
21
-138.788503999999989
0
LINE
8
F.Cu
6
CONTINUOUS
10
86.6364859999999908
20
-138.788503999999989
11
86.6729129999999941
21
-138.9716389999999819
0
LINE
8
F.Cu
6
CONTINUOUS
10
86.6729129999999941
20
-138.9716389999999819
11
86.6774999999999949
21
-139.0649999999999977
0
LINE
8
F.Cu
6
CONTINUOUS
10
86.6774999999999949
20
-139.0649999999999977
11
86.6774999999999949
21
-141.6049999999999898
0
LINE
8
F.Cu
6
CONTINUOUS
10
86.6774999999999949
20
-141.6049999999999898
11
86.6729129999999941
21
-141.6983610000000056
0
LINE
8
F.Cu
6
CONTINUOUS
10
86.6729129999999941
20
-141.6983610000000056
11
86.6364859999999908
21
-141.8814959999999985
0
LINE
8
F.Cu
6
CONTINUOUS
10
86.6364859999999908
20
-141.8814959999999985
11
86.565029999999993
21
-142.0540049999999894
0
LINE
8
F.Cu
6
CONTINUOUS
10
86.565029999999993
20
-142.0540049999999894
11
86.4612920000000003
21
-142.2092600000000004
0
LINE
8
F.Cu
6
CONTINUOUS
10
86.4612920000000003
20
-142.2092600000000004
11
86.3292599999999908
21
-142.3412919999999815
0
LINE
8
F.Cu
6
CONTINUOUS
10
86.3292599999999908
20
-142.3412919999999815
11
86.174004999999994
21
-142.4450300000000027
0
LINE
8
F.Cu
6
CONTINUOUS
10
86.174004999999994
20
-142.4450300000000027
11
86.0014960000000031
21
-142.5164859999999862
0
LINE
8
F.Cu
6
CONTINUOUS
10
86.0014960000000031
20
-142.5164859999999862
11
85.8183609999999959
21
-142.5529129999999896
0
LINE
8
F.Cu
6
CONTINUOUS
10
85.8183609999999959
20
-142.5529129999999896
11
85.6316389999999927
21
-142.5529129999999896
0
LINE
8
F.Cu
6
CONTINUOUS
10
85.6316389999999927
20
-142.5529129999999896
11
85.4485039999999998
21
-142.5164859999999862
0
LINE
8
F.Cu
6
CONTINUOUS
10
85.4485039999999998
20
-142.5164859999999862
11
85.2759949999999947
21
-142.4450300000000027
0
LINE
8
F.Cu
6
CONTINUOUS
10
85.2759949999999947
20
-142.4450300000000027
11
85.1207399999999978
21
-142.3412919999999815
0
LINE
8
F.Cu
6
CONTINUOUS
10
85.1207399999999978
20
-142.3412919999999815
11
84.9887080000000026
21
-142.2092600000000004
0
LINE
8
F.Cu
6
CONTINUOUS
10
84.9887080000000026
20
-142.2092600000000004
11
84.8849699999999956
21
-142.0540049999999894
0
LINE
8
F.Cu
6
CONTINUOUS
10
84.8849699999999956
20
-142.0540049999999894
11
84.8135139999999978
21
-141.8814959999999985
0
LINE
8
F.Cu
6
CONTINUOUS
10
84.8135139999999978
20
-141.8814959999999985
11
84.7770869999999945
21
-141.6983610000000056
0
LINE
8
F.Cu
6
CONTINUOUS
10
84.7770869999999945
20
-141.6983610000000056
11
84.7724999999999937
21
-141.6049999999999898
0
LINE
8
F.Cu
6
CONTINUOUS
10
84.7724999999999937
20
-141.6049999999999898
11
84.7724999999999937
21
-139.0649999999999977
0
LINE
8
F.Cu
6
CONTINUOUS
10
84.7724999999999937
20
-139.0649999999999977
11
84.7770869999999945
21
-138.9716389999999819
0
LINE
8
F.Cu
6
CONTINUOUS
10
84.7770869999999945
20
-138.9716389999999819
11
84.8135139999999978
21
-138.788503999999989
0
LINE
8
F.Cu
6
CONTINUOUS
10
84.8135139999999978
20
-138.788503999999989
11
84.8849699999999956
21
-138.6159949999999981
0
LINE
8
F.Cu
6
CONTINUOUS
10
84.8849699999999956
20
-138.6159949999999981
11
84.9887080000000026
21
-138.460739999999987
0
LINE
8
F.Cu
6
CONTINUOUS
10
84.9887080000000026
20
-138.460739999999987
11
85.1207399999999978
21
-138.328708000000006
0
LINE
8
F.Cu
6
CONTINUOUS
10
85.1207399999999978
20
-138.328708000000006
11
85.2759949999999947
21
-138.2249699999999848
0
LINE
8
F.Cu
6
CONTINUOUS
10
85.2759949999999947
20
-138.2249699999999848
11
85.4485039999999998
21
-138.1535140000000013
0
LINE
8
F.Cu
6
CONTINUOUS
10
85.4485039999999998
20
-138.1535140000000013
11
85.6316389999999927
21
-138.1170869999999979
0
LINE
8
F.Cu
6
CONTINUOUS
10
85.6316389999999927
20
-138.1170869999999979
11
85.8183609999999959
21
-138.1170869999999979
0
LINE
8
F.Cu
6
CONTINUOUS
10
85.8183609999999959
20
-138.1170869999999979
11
86.0014960000000031
21
-138.1535140000000013
0
LINE
8
F.Cu
6
CONTINUOUS
10
85.7249999999999943
20
-133.9964999999999975
11
85.7249999999999943
21
-135.5724999999999909
0
LINE
8
F.Cu
6
CONTINUOUS
10
85.7249999999999943
20
-135.5724999999999909
11
86.3599999999999994
21
-135.5724999999999909
0
LINE
8
F.Cu
6
CONTINUOUS
10
86.3599999999999994
20
-135.5724999999999909
11
87.6299999999999955
21
-135.5724999999999909
0
LINE
8
F.Cu
6
CONTINUOUS
10
87.6299999999999955
20
-135.5724999999999909
11
88.2650000000000006
21
-135.5724999999999909
0
LINE
8
F.Cu
6
CONTINUOUS
10
88.2650000000000006
20
-135.5724999999999909
11
89.5349999999999966
21
-135.5724999999999909
0
LINE
8
F.Cu
6
CONTINUOUS
10
89.5349999999999966
20
-135.5724999999999909
11
89.5349999999999966
21
-135.5840000000000032
0
LINE
8
F.Cu
6
CONTINUOUS
10
89.5349999999999966
20
-135.5840000000000032
11
89.5349999999999966
21
-136.366250000000008
0
LINE
8
F.Cu
6
CONTINUOUS
10
89.5349999999999966
20
-136.366250000000008
11
90.1700000000000017
21
-137.0012499999999989
0
LINE
8
F.Cu
6
CONTINUOUS
10
90.1700000000000017
20
-137.0012499999999989
11
93.3449979999999897
21
-137.0012499999999989
0
LINE
8
F.Cu
6
CONTINUOUS
10
93.3449979999999897
20
-137.0012499999999989
11
93.3449999999999989
21
-137.0012499999999989
0
LINE
8
F.Cu
6
CONTINUOUS
10
93.3449999999999989
20
-137.0012499999999989
11
93.9799999999999898
21
-136.366250000000008
0
LINE
8
F.Cu
6
CONTINUOUS
10
93.9799999999999898
20
-136.366250000000008
11
93.9799999999999898
21
-135.5840000000000032
0
LINE
8
F.Cu
6
CONTINUOUS
10
93.9799999999999898
20
-135.5840000000000032
11
93.9799999999999898
21
-135.5724999999999909
0
LINE
8
F.Cu
6
CONTINUOUS
10
93.9799999999999898
20
-135.5724999999999909
11
95.25
21
-135.5724999999999909
0
LINE
8
F.Cu
6
CONTINUOUS
10
95.25
20
-135.5724999999999909
11
96.9847499999999911
21
-135.5724999999999909
0
LINE
8
F.Cu
6
CONTINUOUS
10
96.9847499999999911
20
-135.5724999999999909
11
96.9928819999999945
21
-135.5758679999999856
0
LINE
8
F.Cu
6
CONTINUOUS
10
96.9928819999999945
20
-135.5758679999999856
11
96.9933869999999985
21
-135.5770870000000059
0
LINE
8
F.Cu
6
CONTINUOUS
10
96.9933869999999985
20
-135.5770870000000059
11
97.0896109999999908
21
-135.5770870000000059
0
LINE
8
F.Cu
6
CONTINUOUS
10
97.0896109999999908
20
-135.5770870000000059
11
97.2727459999999979
21
-135.6135139999999808
0
LINE
8
F.Cu
6
CONTINUOUS
10
97.2727459999999979
20
-135.6135139999999808
11
97.4452549999999889
21
-135.6849699999999928
0
LINE
8
F.Cu
6
CONTINUOUS
10
97.4452549999999889
20
-135.6849699999999928
11
97.6005099999999999
21
-135.7887079999999855
0
LINE
8
F.Cu
6
CONTINUOUS
10
97.6005099999999999
20
-135.7887079999999855
11
97.7325419999999951
21
-135.920739999999995
0
LINE
8
F.Cu
6
CONTINUOUS
10
97.7325419999999951
20
-135.920739999999995
11
97.8362800000000021
21
-136.075995000000006
0
LINE
8
F.Cu
6
CONTINUOUS
10
97.8362800000000021
20
-136.075995000000006
11
97.9077359999999999
21
-136.2485039999999969
0
LINE
8
F.Cu
6
CONTINUOUS
10
97.9077359999999999
20
-136.2485039999999969
11
97.944162999999989
21
-136.4316389999999899
0
LINE
8
F.Cu
6
CONTINUOUS
10
97.944162999999989
20
-136.4316389999999899
11
97.944162999999989
21
-136.6183609999999931
0
LINE
8
F.Cu
6
CONTINUOUS
10
97.944162999999989
20
-136.6183609999999931
11
97.9077359999999999
21
-136.801495999999986
0
LINE
8
F.Cu
6
CONTINUOUS
10
97.9077359999999999
20
-136.801495999999986
11
97.8362800000000021
21
-136.9740050000000053
0
LINE
8
F.Cu
6
CONTINUOUS
10
97.8362800000000021
20
-136.9740050000000053
11
97.7325419999999951
21
-137.1292599999999879
0
LINE
8
F.Cu
6
CONTINUOUS
10
97.7325419999999951
20
-137.1292599999999879
11
97.6005099999999999
21
-137.2612919999999974
0
LINE
8
F.Cu
6
CONTINUOUS
10
97.6005099999999999
20
-137.2612919999999974
11
97.4452549999999889
21
-137.3650299999999902
0
LINE
8
F.Cu
6
CONTINUOUS
10
97.4452549999999889
20
-137.3650299999999902
11
97.2727459999999979
21
-137.4364860000000022
0
LINE
8
F.Cu
6
CONTINUOUS
10
97.2727459999999979
20
-137.4364860000000022
11
97.0896109999999908
21
-137.4729130000000055
0
LINE
8
F.Cu
6
CONTINUOUS
10
97.0896109999999908
20
-137.4729130000000055
11
96.9028890000000018
21
-137.4729130000000055
0
LINE
8
F.Cu
6
CONTINUOUS
10
96.9028890000000018
20
-137.4729130000000055
11
96.7197539999999947
21
-137.4364860000000022
0
LINE
8
F.Cu
6
CONTINUOUS
10
96.7197539999999947
20
-137.4364860000000022
11
96.5472449999999895
21
-137.3650299999999902
0
LINE
8
F.Cu
6
CONTINUOUS
10
96.5472449999999895
20
-137.3650299999999902
11
96.3919899999999927
21
-137.2612919999999974
0
LINE
8
F.Cu
6
CONTINUOUS
10
96.3919899999999927
20
-137.2612919999999974
11
96.2599579999999975
21
-137.1292599999999879
0
LINE
8
F.Cu
6
CONTINUOUS
10
96.2599579999999975
20
-137.1292599999999879
11
96.1562199999999905
21
-136.9740050000000053
0
LINE
8
F.Cu
6
CONTINUOUS
10
96.1562199999999905
20
-136.9740050000000053
11
96.0847639999999927
21
-136.801495999999986
0
LINE
8
F.Cu
6
CONTINUOUS
10
96.0847639999999927
20
-136.801495999999986
11
96.0483369999999894
21
-136.6183609999999931
0
LINE
8
F.Cu
6
CONTINUOUS
10
96.0483369999999894
20
-136.6183609999999931
11
96.0483369999999894
21
-136.5250000000000057
0
LINE
8
F.Cu
6
CONTINUOUS
10
96.0483369999999894
20
-136.5250000000000057
11
94.7737499999999926
21
-136.5250000000000057
0
LINE
8
F.Cu
6
CONTINUOUS
10
94.7737499999999926
20
-136.5250000000000057
11
93.665867999999989
21
-137.6328819999999951
0
LINE
8
F.Cu
6
CONTINUOUS
10
93.665867999999989
20
-137.6328819999999951
11
93.6577359999999999
21
-137.6362499999999898
0
LINE
8
F.Cu
6
CONTINUOUS
10
93.6577359999999999
20
-137.6362499999999898
11
89.8572640000000007
21
-137.6362499999999898
0
LINE
8
F.Cu
6
CONTINUOUS
10
89.8572640000000007
20
-137.6362499999999898
11
89.8491319999999973
21
-137.6328819999999951
0
LINE
8
F.Cu
6
CONTINUOUS
10
89.8491319999999973
20
-137.6328819999999951
11
88.7412499999999937
21
-136.5250000000000057
0
LINE
8
F.Cu
6
CONTINUOUS
10
88.7412499999999937
20
-136.5250000000000057
11
88.7412489999999963
21
-136.5250000000000057
0
LINE
8
F.Cu
6
CONTINUOUS
10
88.7412489999999963
20
-136.5250000000000057
11
83.8199999999999932
21
-136.5250000000000057
0
LINE
8
F.Cu
6
CONTINUOUS
10
83.8199999999999932
20
-136.5250000000000057
11
82.5533679999999919
21
-137.7916319999999928
0
LINE
8
F.Cu
6
CONTINUOUS
10
82.5533679999999919
20
-137.7916319999999928
11
82.5452360000000027
21
-137.7949999999999875
0
LINE
8
F.Cu
6
CONTINUOUS
10
82.5452360000000027
20
-137.7949999999999875
11
80.0099999999999909
21
-137.7949999999999875
0
LINE
8
F.Cu
6
CONTINUOUS
10
80.0099999999999909
20
-137.7949999999999875
11
79.0574999999999903
21
-138.7475000000000023
0
LINE
8
F.Cu
6
CONTINUOUS
10
79.0574999999999903
20
-138.7475000000000023
11
79.0574999999999903
21
-141.5935000000000059
0
LINE
8
F.Cu
6
CONTINUOUS
10
79.0574999999999903
20
-141.5935000000000059
11
79.0541319999999956
21
-141.6016319999999951
0
LINE
8
F.Cu
6
CONTINUOUS
10
79.0541319999999956
20
-141.6016319999999951
11
79.0529129999999896
21
-141.6021360000000016
0
LINE
8
F.Cu
6
CONTINUOUS
10
79.0529129999999896
20
-141.6021360000000016
11
79.0529129999999896
21
-141.6983610000000056
0
LINE
8
F.Cu
6
CONTINUOUS
10
79.0529129999999896
20
-141.6983610000000056
11
79.0164860000000004
21
-141.8814959999999985
0
LINE
8
F.Cu
6
CONTINUOUS
10
79.0164860000000004
20
-141.8814959999999985
11
78.9450300000000027
21
-142.0540049999999894
0
LINE
8
F.Cu
6
CONTINUOUS
10
78.9450300000000027
20
-142.0540049999999894
11
78.8412919999999957
21
-142.2092600000000004
0
LINE
8
F.Cu
6
CONTINUOUS
10
78.8412919999999957
20
-142.2092600000000004
11
78.7092600000000004
21
-142.3412919999999815
0
LINE
8
F.Cu
6
CONTINUOUS
10
78.7092600000000004
20
-142.3412919999999815
11
78.5540049999999894
21
-142.4450300000000027
0
LINE
8
F.Cu
6
CONTINUOUS
10
78.5540049999999894
20
-142.4450300000000027
11
78.3814959999999985
21
-142.5164859999999862
0
LINE
8
F.Cu
6
CONTINUOUS
10
78.3814959999999985
20
-142.5164859999999862
11
78.1983609999999913
21
-142.5529129999999896
0
LINE
8
F.Cu
6
CONTINUOUS
10
78.1983609999999913
20
-142.5529129999999896
11
78.0116390000000024
21
-142.5529129999999896
0
LINE
8
F.Cu
6
CONTINUOUS
10
78.0116390000000024
20
-142.5529129999999896
11
77.8285039999999952
21
-142.5164859999999862
0
LINE
8
F.Cu
6
CONTINUOUS
10
77.8285039999999952
20
-142.5164859999999862
11
77.6559949999999901
21
-142.4450300000000027
0
LINE
8
F.Cu
6
CONTINUOUS
10
77.6559949999999901
20
-142.4450300000000027
11
77.5007399999999933
21
-142.3412919999999815
0
LINE
8
F.Cu
6
CONTINUOUS
10
77.5007399999999933
20
-142.3412919999999815
11
77.368707999999998
21
-142.2092600000000004
0
LINE
8
F.Cu
6
CONTINUOUS
10
77.368707999999998
20
-142.2092600000000004
11
77.264969999999991
21
-142.0540049999999894
0
LINE
8
F.Cu
6
CONTINUOUS
10
77.264969999999991
20
-142.0540049999999894
11
77.1935139999999933
21
-141.8814959999999985
0
LINE
8
F.Cu
6
CONTINUOUS
10
77.1935139999999933
20
-141.8814959999999985
11
77.15708699999999
21
-141.6983610000000056
0
LINE
8
F.Cu
6
CONTINUOUS
10
77.15708699999999
20
-141.6983610000000056
11
77.15708699999999
21
-141.6021360000000016
0
LINE
8
F.Cu
6
CONTINUOUS
10
77.15708699999999
20
-141.6021360000000016
11
77.1558679999999981
21
-141.6016319999999951
0
LINE
8
F.Cu
6
CONTINUOUS
10
77.1558679999999981
20
-141.6016319999999951
11
77.1525000000000034
21
-141.5935000000000059
0
LINE
8
F.Cu
6
CONTINUOUS
10
77.1525000000000034
20
-141.5935000000000059
11
77.1525000000000034
21
-138.1239999999999952
0
LINE
8
F.Cu
6
CONTINUOUS
10
77.1525000000000034
20
-138.1239999999999952
11
77.1558679999999981
21
-138.1158680000000061
0
LINE
8
F.Cu
6
CONTINUOUS
10
77.1558679999999981
20
-138.1158680000000061
11
77.1640000000000015
21
-138.1124999999999829
0
LINE
8
F.Cu
6
CONTINUOUS
10
77.1640000000000015
20
-138.1124999999999829
11
78.4224979999999903
21
-138.1124999999999829
0
LINE
8
F.Cu
6
CONTINUOUS
10
78.4224979999999903
20
-138.1124999999999829
11
78.4224999999999994
21
-138.1124999999999829
0
LINE
8
F.Cu
6
CONTINUOUS
10
78.4224999999999994
20
-138.1124999999999829
11
79.6891320000000007
21
-136.8458679999999958
0
LINE
8
F.Cu
6
CONTINUOUS
10
79.6891320000000007
20
-136.8458679999999958
11
79.6972639999999899
21
-136.8425000000000011
0
LINE
8
F.Cu
6
CONTINUOUS
10
79.6972639999999899
20
-136.8425000000000011
11
82.2324979999999925
21
-136.8425000000000011
0
LINE
8
F.Cu
6
CONTINUOUS
10
82.2324979999999925
20
-136.8425000000000011
11
82.2325000000000017
21
-136.8425000000000011
0
LINE
8
F.Cu
6
CONTINUOUS
10
82.2325000000000017
20
-136.8425000000000011
11
83.1850000000000023
21
-135.8899999999999864
0
LINE
8
F.Cu
6
CONTINUOUS
10
83.1850000000000023
20
-135.8899999999999864
11
83.1850000000000023
21
-133.9964999999999975
0
LINE
8
F.Cu
6
CONTINUOUS
10
83.1850000000000023
20
-133.9964999999999975
11
83.1850000000000023
21
-133.9849999999999852
0
LINE
8
F.Cu
6
CONTINUOUS
10
83.1850000000000023
20
-133.9849999999999852
11
85.7249999999999943
21
-133.9849999999999852
0
LINE
8
F.Cu
6
CONTINUOUS
10
85.7249999999999943
20
-133.9849999999999852
11
85.7249999999999943
21
-133.9964999999999975
0
LINE
8
F.Cu
6
CONTINUOUS
10
91.1225000000000023
20
-130.8978290000000015
11
91.1225000000000023
21
-133.3499999999999943
0
LINE
8
F.Cu
6
CONTINUOUS
10
91.1225000000000023
20
-133.3499999999999943
11
91.4399999999999977
21
-133.3499999999999943
0
LINE
8
F.Cu
6
CONTINUOUS
10
91.4399999999999977
20
-133.3499999999999943
11
91.4399999999999977
21
-134.3024999999999807
0
LINE
8
F.Cu
6
CONTINUOUS
10
91.4399999999999977
20
-134.3024999999999807
11
90.1700000000000017
21
-134.3024999999999807
0
LINE
8
F.Cu
6
CONTINUOUS
10
90.1700000000000017
20
-134.3024999999999807
11
88.3571939999999927
21
-134.3024999999999807
0
LINE
8
F.Cu
6
CONTINUOUS
10
88.3571939999999927
20
-134.3024999999999807
11
88.2650000000000006
21
-134.3024999999999807
0
LINE
8
F.Cu
6
CONTINUOUS
10
88.2650000000000006
20
-134.3024999999999807
11
88.2650000000000006
21
-133.3499999999999943
0
LINE
8
F.Cu
6
CONTINUOUS
10
88.2650000000000006
20
-133.3499999999999943
11
89.5349999999999966
21
-133.3499999999999943
0
LINE
8
F.Cu
6
CONTINUOUS
10
89.5349999999999966
20
-133.3499999999999943
11
90.4874999999999972
21
-133.3499999999999943
0
LINE
8
F.Cu
6
CONTINUOUS
10
90.4874999999999972
20
-133.3499999999999943
11
90.4874999999999972
21
-132.397500000000008
0
LINE
8
F.Cu
6
CONTINUOUS
10
90.4874999999999972
20
-132.397500000000008
11
90.4874999999999972
21
-130.8100000000000023
0
LINE
8
F.Cu
6
CONTINUOUS
10
90.4874999999999972
20
-130.8100000000000023
11
91.1225000000000023
21
-130.8100000000000023
0
LINE
8
F.Cu
6
CONTINUOUS
10
91.1225000000000023
20
-130.8100000000000023
11
91.1225000000000023
21
-130.8978290000000015
0
LINE
8
F.Cu
6
CONTINUOUS
10
93.0274999999999892
20
-130.8978290000000015
11
93.0274999999999892
21
-131.1274999999999977
0
LINE
8
F.Cu
6
CONTINUOUS
10
93.0274999999999892
20
-131.1274999999999977
11
93.9799999999999898
21
-131.1274999999999977
0
LINE
8
F.Cu
6
CONTINUOUS
10
93.9799999999999898
20
-131.1274999999999977
11
95.25
21
-131.1274999999999977
0
LINE
8
F.Cu
6
CONTINUOUS
10
95.25
20
-131.1274999999999977
11
95.25
21
-132.0799999999999841
0
LINE
8
F.Cu
6
CONTINUOUS
10
95.25
20
-132.0799999999999841
11
95.1621710000000007
21
-132.0799999999999841
0
LINE
8
F.Cu
6
CONTINUOUS
10
95.1621710000000007
20
-132.0799999999999841
11
93.0274999999999892
21
-132.0799999999999841
0
LINE
8
F.Cu
6
CONTINUOUS
10
93.0274999999999892
20
-132.0799999999999841
11
93.0274999999999892
21
-133.3499999999999943
0
LINE
8
F.Cu
6
CONTINUOUS
10
93.0274999999999892
20
-133.3499999999999943
11
93.3449999999999989
21
-133.3499999999999943
0
LINE
8
F.Cu
6
CONTINUOUS
10
93.3449999999999989
20
-133.3499999999999943
11
93.9799999999999898
21
-133.3499999999999943
0
LINE
8
F.Cu
6
CONTINUOUS
10
93.9799999999999898
20
-133.3499999999999943
11
95.25
21
-133.3499999999999943
0
LINE
8
F.Cu
6
CONTINUOUS
10
95.25
20
-133.3499999999999943
11
95.25
21
-134.3024999999999807
0
LINE
8
F.Cu
6
CONTINUOUS
10
95.25
20
-134.3024999999999807
11
93.9799999999999898
21
-134.3024999999999807
0
LINE
8
F.Cu
6
CONTINUOUS
10
93.9799999999999898
20
-134.3024999999999807
11
92.167193999999995
21
-134.3024999999999807
0
LINE
8
F.Cu
6
CONTINUOUS
10
92.167193999999995
20
-134.3024999999999807
11
92.0750000000000028
21
-134.3024999999999807
0
LINE
8
F.Cu
6
CONTINUOUS
10
92.0750000000000028
20
-134.3024999999999807
11
92.0750000000000028
21
-133.3499999999999943
0
LINE
8
F.Cu
6
CONTINUOUS
10
92.0750000000000028
20
-133.3499999999999943
11
92.3924999999999983
21
-133.3499999999999943
0
LINE
8
F.Cu
6
CONTINUOUS
10
92.3924999999999983
20
-133.3499999999999943
11
92.3924999999999983
21
-132.397500000000008
0
LINE
8
F.Cu
6
CONTINUOUS
10
92.3924999999999983
20
-132.397500000000008
11
92.3924999999999983
21
-130.8100000000000023
0
LINE
8
F.Cu
6
CONTINUOUS
10
92.3924999999999983
20
-130.8100000000000023
11
93.0274999999999892
21
-130.8100000000000023
0
LINE
8
F.Cu
6
CONTINUOUS
10
93.0274999999999892
20
-130.8100000000000023
11
93.0274999999999892
21
-130.8978290000000015
0
LINE
8
F.Cu
6
CONTINUOUS
10
97.2727459999999979
20
-127.9935139999999905
11
97.4452549999999889
21
-128.0649699999999882
0
LINE
8
F.Cu
6
CONTINUOUS
10
97.4452549999999889
20
-128.0649699999999882
11
97.6005099999999999
21
-128.168707999999981
0
LINE
8
F.Cu
6
CONTINUOUS
10
97.6005099999999999
20
-128.168707999999981
11
97.7325419999999951
21
-128.3007399999999905
0
LINE
8
F.Cu
6
CONTINUOUS
10
97.7325419999999951
20
-128.3007399999999905
11
97.8362800000000021
21
-128.4559950000000015
0
LINE
8
F.Cu
6
CONTINUOUS
10
97.8362800000000021
20
-128.4559950000000015
11
97.9077359999999999
21
-128.6285039999999924
0
LINE
8
F.Cu
6
CONTINUOUS
10
97.9077359999999999
20
-128.6285039999999924
11
97.944162999999989
21
-128.8116389999999853
0
LINE
8
F.Cu
6
CONTINUOUS
10
97.944162999999989
20
-128.8116389999999853
11
97.944162999999989
21
-128.9983609999999885
0
LINE
8
F.Cu
6
CONTINUOUS
10
97.944162999999989
20
-128.9983609999999885
11
97.9077359999999999
21
-129.1814959999999814
0
LINE
8
F.Cu
6
CONTINUOUS
10
97.9077359999999999
20
-129.1814959999999814
11
97.8362800000000021
21
-129.3540050000000008
0
LINE
8
F.Cu
6
CONTINUOUS
10
97.8362800000000021
20
-129.3540050000000008
11
97.7325419999999951
21
-129.5092599999999834
0
LINE
8
F.Cu
6
CONTINUOUS
10
97.7325419999999951
20
-129.5092599999999834
11
97.6005099999999999
21
-129.6412919999999929
0
LINE
8
F.Cu
6
CONTINUOUS
10
97.6005099999999999
20
-129.6412919999999929
11
97.4452549999999889
21
-129.7450299999999856
0
LINE
8
F.Cu
6
CONTINUOUS
10
97.4452549999999889
20
-129.7450299999999856
11
97.2727459999999979
21
-129.8164859999999976
0
LINE
8
F.Cu
6
CONTINUOUS
10
97.2727459999999979
20
-129.8164859999999976
11
97.0896109999999908
21
-129.8529130000000009
0
LINE
8
F.Cu
6
CONTINUOUS
10
97.0896109999999908
20
-129.8529130000000009
11
96.9373669999999947
21
-129.8529130000000009
0
LINE
8
F.Cu
6
CONTINUOUS
10
96.9373669999999947
20
-129.8529130000000009
11
96.931484999999995
21
-129.8563089999999818
0
LINE
8
F.Cu
6
CONTINUOUS
10
96.931484999999995
20
-129.8563089999999818
11
96.9178749999999951
21
-129.8574999999999875
0
LINE
8
F.Cu
6
CONTINUOUS
10
96.9178749999999951
20
-129.8574999999999875
11
92.0750000000000028
21
-129.8574999999999875
0
LINE
8
F.Cu
6
CONTINUOUS
10
92.0750000000000028
20
-129.8574999999999875
11
92.0750000000000028
21
-130.1749999999999829
0
LINE
8
F.Cu
6
CONTINUOUS
10
92.0750000000000028
20
-130.1749999999999829
11
91.9966249999999945
21
-130.1749999999999829
0
LINE
8
F.Cu
6
CONTINUOUS
10
91.9966249999999945
20
-130.1749999999999829
11
91.5183749999999918
21
-130.1749999999999829
0
LINE
8
F.Cu
6
CONTINUOUS
10
91.5183749999999918
20
-130.1749999999999829
11
91.4399999999999977
21
-130.1749999999999829
0
LINE
8
F.Cu
6
CONTINUOUS
10
91.4399999999999977
20
-130.1749999999999829
11
91.4399999999999977
21
-129.8574999999999875
0
LINE
8
F.Cu
6
CONTINUOUS
10
91.4399999999999977
20
-129.8574999999999875
11
88.3433749999999947
21
-129.8574999999999875
0
LINE
8
F.Cu
6
CONTINUOUS
10
88.3433749999999947
20
-129.8574999999999875
11
88.2650000000000006
21
-129.8574999999999875
0
LINE
8
F.Cu
6
CONTINUOUS
10
88.2650000000000006
20
-129.8574999999999875
11
88.2650000000000006
21
-128.9050000000000011
0
LINE
8
F.Cu
6
CONTINUOUS
10
88.2650000000000006
20
-128.9050000000000011
11
89.5349999999999966
21
-128.9050000000000011
0
LINE
8
F.Cu
6
CONTINUOUS
10
89.5349999999999966
20
-128.9050000000000011
11
91.4399999999999977
21
-128.9050000000000011
0
LINE
8
F.Cu
6
CONTINUOUS
10
91.4399999999999977
20
-128.9050000000000011
11
91.4399999999999977
21
-128.6658749999999998
0
LINE
8
F.Cu
6
CONTINUOUS
10
91.4399999999999977
20
-128.6658749999999998
11
91.4399999999999977
21
-128.5875000000000057
0
LINE
8
F.Cu
6
CONTINUOUS
10
91.4399999999999977
20
-128.5875000000000057
11
92.0750000000000028
21
-128.5875000000000057
0
LINE
8
F.Cu
6
CONTINUOUS
10
92.0750000000000028
20
-128.5875000000000057
11
92.0750000000000028
21
-128.6658749999999998
0
LINE
8
F.Cu
6
CONTINUOUS
10
92.0750000000000028
20
-128.6658749999999998
11
92.0750000000000028
21
-128.9050000000000011
0
LINE
8
F.Cu
6
CONTINUOUS
10
92.0750000000000028
20
-128.9050000000000011
11
93.9799999999999898
21
-128.9050000000000011
0
LINE
8
F.Cu
6
CONTINUOUS
10
93.9799999999999898
20
-128.9050000000000011
11
95.25
21
-128.9050000000000011
0
LINE
8
F.Cu
6
CONTINUOUS
10
95.25
20
-128.9050000000000011
11
96.0483369999999894
21
-128.9050000000000011
0
LINE
8
F.Cu
6
CONTINUOUS
10
96.0483369999999894
20
-128.9050000000000011
11
96.0483369999999894
21
-128.8116389999999853
0
LINE
8
F.Cu
6
CONTINUOUS
10
96.0483369999999894
20
-128.8116389999999853
11
96.0847639999999927
21
-128.6285039999999924
0
LINE
8
F.Cu
6
CONTINUOUS
10
96.0847639999999927
20
-128.6285039999999924
11
96.1562199999999905
21
-128.4559950000000015
0
LINE
8
F.Cu
6
CONTINUOUS
10
96.1562199999999905
20
-128.4559950000000015
11
96.2599579999999975
21
-128.3007399999999905
0
LINE
8
F.Cu
6
CONTINUOUS
10
96.2599579999999975
20
-128.3007399999999905
11
96.3919899999999927
21
-128.168707999999981
0
LINE
8
F.Cu
6
CONTINUOUS
10
96.3919899999999927
20
-128.168707999999981
11
96.5472449999999895
21
-128.0649699999999882
0
LINE
8
F.Cu
6
CONTINUOUS
10
96.5472449999999895
20
-128.0649699999999882
11
96.7197539999999947
21
-127.9935139999999905
0
LINE
8
F.Cu
6
CONTINUOUS
10
96.7197539999999947
20
-127.9935139999999905
11
96.9028890000000018
21
-127.9570869999999871
0
LINE
8
F.Cu
6
CONTINUOUS
10
96.9028890000000018
20
-127.9570869999999871
11
97.0896109999999908
21
-127.9570869999999871
0
LINE
8
F.Cu
6
CONTINUOUS
10
97.0896109999999908
20
-127.9570869999999871
11
97.2727459999999979
21
-127.9935139999999905
0
LINE
8
F.Cu
6
CONTINUOUS
10
84.4549999999999983
20
-130.8978290000000015
11
84.4549999999999983
21
-131.1274999999999977
0
LINE
8
F.Cu
6
CONTINUOUS
10
84.4549999999999983
20
-131.1274999999999977
11
86.3599999999999994
21
-131.1274999999999977
0
LINE
8
F.Cu
6
CONTINUOUS
10
86.3599999999999994
20
-131.1274999999999977
11
87.6299999999999955
21
-131.1274999999999977
0
LINE
8
F.Cu
6
CONTINUOUS
10
87.6299999999999955
20
-131.1274999999999977
11
88.2650000000000006
21
-131.1274999999999977
0
LINE
8
F.Cu
6
CONTINUOUS
10
88.2650000000000006
20
-131.1274999999999977
11
89.5349999999999966
21
-131.1274999999999977
0
LINE
8
F.Cu
6
CONTINUOUS
10
89.5349999999999966
20
-131.1274999999999977
11
89.5349999999999966
21
-132.0799999999999841
0
LINE
8
F.Cu
6
CONTINUOUS
10
89.5349999999999966
20
-132.0799999999999841
11
89.4471709999999973
21
-132.0799999999999841
0
LINE
8
F.Cu
6
CONTINUOUS
10
89.4471709999999973
20
-132.0799999999999841
11
84.4549999999999983
21
-132.0799999999999841
0
LINE
8
F.Cu
6
CONTINUOUS
10
84.4549999999999983
20
-132.0799999999999841
11
84.4549999999999983
21
-132.397500000000008
0
LINE
8
F.Cu
6
CONTINUOUS
10
84.4549999999999983
20
-132.397500000000008
11
84.367170999999999
21
-132.397500000000008
0
LINE
8
F.Cu
6
CONTINUOUS
10
84.367170999999999
20
-132.397500000000008
11
83.9121939999999995
21
-132.397500000000008
0
LINE
8
F.Cu
6
CONTINUOUS
10
83.9121939999999995
20
-132.397500000000008
11
83.8199999999999932
21
-132.397500000000008
0
LINE
8
F.Cu
6
CONTINUOUS
10
83.8199999999999932
20
-132.397500000000008
11
83.8199999999999932
21
-130.8100000000000023
0
LINE
8
F.Cu
6
CONTINUOUS
10
83.8199999999999932
20
-130.8100000000000023
11
84.4549999999999983
21
-130.8100000000000023
0
LINE
8
F.Cu
6
CONTINUOUS
10
84.4549999999999983
20
-130.8100000000000023
11
84.4549999999999983
21
-130.8978290000000015
0
LINE
8
F.Cu
6
CONTINUOUS
10
80.1054369999999949
20
-124.4599999999999937
11
82.4545629999999932
21
-124.4599999999999937
0
LINE
8
F.Cu
6
CONTINUOUS
10
82.4545629999999932
20
-124.4599999999999937
11
82.4566389999999956
21
-124.4595869999999991
0
LINE
8
F.Cu
6
CONTINUOUS
10
82.4566389999999956
20
-124.4595869999999991
11
82.6433609999999987
21
-124.4595869999999991
0
LINE
8
F.Cu
6
CONTINUOUS
10
82.6433609999999987
20
-124.4595869999999991
11
82.6454370000000011
21
-124.4599999999999937
0
LINE
8
F.Cu
6
CONTINUOUS
10
82.6454370000000011
20
-124.4599999999999937
11
87.5516250000000014
21
-124.4599999999999937
0
LINE
8
F.Cu
6
CONTINUOUS
10
87.5516250000000014
20
-124.4599999999999937
11
87.5516279999999938
21
-124.4600009999999912
0
LINE
8
F.Cu
6
CONTINUOUS
10
87.5516279999999938
20
-124.4600009999999912
11
87.6299999999999955
21
-124.4600009999999912
0
LINE
8
F.Cu
6
CONTINUOUS
10
87.6299999999999955
20
-124.4600009999999912
11
87.6299999999999955
21
-125.4125009999999918
0
LINE
8
F.Cu
6
CONTINUOUS
10
87.6299999999999955
20
-125.4125009999999918
11
86.3599999999999994
21
-125.4125009999999918
0
LINE
8
F.Cu
6
CONTINUOUS
10
86.3599999999999994
20
-125.4125009999999918
11
86.3599999999999994
21
-125.4124999999999943
0
LINE
8
F.Cu
6
CONTINUOUS
10
86.3599999999999994
20
-125.4124999999999943
11
84.1375000000000028
21
-125.4124999999999943
0
LINE
8
F.Cu
6
CONTINUOUS
10
84.1375000000000028
20
-125.4124999999999943
11
83.2079549999999983
21
-126.3420440000000013
0
LINE
8
F.Cu
6
CONTINUOUS
10
83.2079549999999983
20
-126.3420440000000013
11
83.1593680000000006
21
-126.3647019999999941
0
LINE
8
F.Cu
6
CONTINUOUS
10
83.1593680000000006
20
-126.3647019999999941
11
83.1525369999999953
21
-126.3649999999999949
0
LINE
8
F.Cu
6
CONTINUOUS
10
83.1525369999999953
20
-126.3649999999999949
11
80.4862480000000033
21
-126.3649999999999949
0
LINE
8
F.Cu
6
CONTINUOUS
10
80.4862480000000033
20
-126.3649999999999949
11
78.1049999999999898
21
-128.74624799999998
0
LINE
8
F.Cu
6
CONTINUOUS
10
78.1049999999999898
20
-128.74624799999998
11
78.1049999999999898
21
-128.7462500000000034
0
LINE
8
F.Cu
6
CONTINUOUS
10
78.1049999999999898
20
-128.7462500000000034
11
78.1049999999999898
21
-129.6987499999999898
0
LINE
8
F.Cu
6
CONTINUOUS
10
78.1049999999999898
20
-129.6987499999999898
11
79.375
21
-131.1274999999999977
0
LINE
8
F.Cu
6
CONTINUOUS
10
79.375
20
-131.1274999999999977
11
80.0099999999999909
21
-131.1274999999999977
0
LINE
8
F.Cu
6
CONTINUOUS
10
80.0099999999999909
20
-131.1274999999999977
11
80.0099999999999909
21
-132.0799999999999841
0
LINE
8
F.Cu
6
CONTINUOUS
10
80.0099999999999909
20
-132.0799999999999841
11
79.9316249999999968
21
-132.0799999999999841
0
LINE
8
F.Cu
6
CONTINUOUS
10
79.9316249999999968
20
-132.0799999999999841
11
78.8183750000000032
21
-132.0799999999999841
0
LINE
8
F.Cu
6
CONTINUOUS
10
78.8183750000000032
20
-132.0799999999999841
11
78.7399999999999949
21
-132.0799999999999841
0
LINE
8
F.Cu
6
CONTINUOUS
10
78.7399999999999949
20
-132.0799999999999841
11
78.7399999999999949
21
-131.286248999999998
0
LINE
8
F.Cu
6
CONTINUOUS
10
78.7399999999999949
20
-131.286248999999998
11
77.4699999999999989
21
-129.8574999999999875
0
LINE
8
F.Cu
6
CONTINUOUS
10
77.4699999999999989
20
-129.8574999999999875
11
76.913375000000002
21
-129.8574999999999875
0
LINE
8
F.Cu
6
CONTINUOUS
10
76.913375000000002
20
-129.8574999999999875
11
76.8349999999999937
21
-129.8574999999999875
0
LINE
8
F.Cu
6
CONTINUOUS
10
76.8349999999999937
20
-129.8574999999999875
11
76.8349999999999937
21
-128.9050000000000011
0
LINE
8
F.Cu
6
CONTINUOUS
10
76.8349999999999937
20
-128.9050000000000011
11
76.8349999999999937
21
-128.1437129999999911
0
LINE
8
F.Cu
6
CONTINUOUS
10
76.8349999999999937
20
-128.1437129999999911
11
76.8533359999999988
21
-128.0933349999999962
0
LINE
8
F.Cu
6
CONTINUOUS
10
76.8533359999999988
20
-128.0933349999999962
11
76.8579450000000008
21
-128.0883039999999937
0
LINE
8
F.Cu
6
CONTINUOUS
10
76.8579450000000008
20
-128.0883039999999937
11
79.0574999999999903
21
-125.8887499999999875
0
LINE
8
F.Cu
6
CONTINUOUS
10
79.0574999999999903
20
-125.8887499999999875
11
79.0574999999999903
21
-125.4908749999999884
0
LINE
8
F.Cu
6
CONTINUOUS
10
79.0574999999999903
20
-125.4908749999999884
11
79.0620869999999911
21
-125.4782719999999898
0
LINE
8
F.Cu
6
CONTINUOUS
10
79.0620869999999911
20
-125.4782719999999898
11
79.0620869999999911
21
-125.3141389999999973
0
LINE
8
F.Cu
6
CONTINUOUS
10
79.0620869999999911
20
-125.3141389999999973
11
79.0985139999999944
21
-125.1310039999999901
0
LINE
8
F.Cu
6
CONTINUOUS
10
79.0985139999999944
20
-125.1310039999999901
11
79.1699699999999922
21
-124.9584949999999992
0
LINE
8
F.Cu
6
CONTINUOUS
10
79.1699699999999922
20
-124.9584949999999992
11
79.2737079999999992
21
-124.8032399999999882
0
LINE
8
F.Cu
6
CONTINUOUS
10
79.2737079999999992
20
-124.8032399999999882
11
79.4057399999999944
21
-124.6712079999999929
0
LINE
8
F.Cu
6
CONTINUOUS
10
79.4057399999999944
20
-124.6712079999999929
11
79.5609949999999913
21
-124.5674700000000001
0
LINE
8
F.Cu
6
CONTINUOUS
10
79.5609949999999913
20
-124.5674700000000001
11
79.7335039999999964
21
-124.4960139999999882
0
LINE
8
F.Cu
6
CONTINUOUS
10
79.7335039999999964
20
-124.4960139999999882
11
79.9166389999999893
21
-124.4595869999999991
0
LINE
8
F.Cu
6
CONTINUOUS
10
79.9166389999999893
20
-124.4595869999999991
11
80.1033609999999925
21
-124.4595869999999991
0
LINE
8
F.Cu
6
CONTINUOUS
10
80.1033609999999925
20
-124.4595869999999991
11
80.1054369999999949
21
-124.4599999999999937
0
LINE
8
F.Cu
6
CONTINUOUS
10
83.5024999999999977
20
-130.1749999999999829
11
83.4146709999999985
21
-130.1749999999999829
0
LINE
8
F.Cu
6
CONTINUOUS
10
83.4146709999999985
20
-130.1749999999999829
11
82.9596939999999989
21
-130.1749999999999829
0
LINE
8
F.Cu
6
CONTINUOUS
10
82.9596939999999989
20
-130.1749999999999829
11
82.9596919999999898
21
-130.1749999999999829
0
LINE
8
F.Cu
6
CONTINUOUS
10
82.9596919999999898
20
-130.1749999999999829
11
82.8674999999999926
21
-130.1749999999999829
0
LINE
8
F.Cu
6
CONTINUOUS
10
82.8674999999999926
20
-130.1749999999999829
11
82.8674999999999926
21
-129.8574999999999875
0
LINE
8
F.Cu
6
CONTINUOUS
10
82.8674999999999926
20
-129.8574999999999875
11
78.8321940000000012
21
-129.8574999999999875
0
LINE
8
F.Cu
6
CONTINUOUS
10
78.8321940000000012
20
-129.8574999999999875
11
78.832191999999992
21
-129.8574999999999875
0
LINE
8
F.Cu
6
CONTINUOUS
10
78.832191999999992
20
-129.8574999999999875
11
78.7399999999999949
21
-129.8574999999999875
0
LINE
8
F.Cu
6
CONTINUOUS
10
78.7399999999999949
20
-129.8574999999999875
11
78.7399999999999949
21
-128.9050000000000011
0
LINE
8
F.Cu
6
CONTINUOUS
10
78.7399999999999949
20
-128.9050000000000011
11
80.0099999999999909
21
-128.9050000000000011
0
LINE
8
F.Cu
6
CONTINUOUS
10
80.0099999999999909
20
-128.9050000000000011
11
82.8674999999999926
21
-128.9050000000000011
0
LINE
8
F.Cu
6
CONTINUOUS
10
82.8674999999999926
20
-128.9050000000000011
11
82.8674999999999926
21
-128.6796929999999861
0
LINE
8
F.Cu
6
CONTINUOUS
10
82.8674999999999926
20
-128.6796929999999861
11
82.8674999999999926
21
-128.5875000000000057
0
LINE
8
F.Cu
6
CONTINUOUS
10
82.8674999999999926
20
-128.5875000000000057
11
83.5024999999999977
21
-128.5875000000000057
0
LINE
8
F.Cu
6
CONTINUOUS
10
83.5024999999999977
20
-128.5875000000000057
11
83.5024999999999977
21
-130.1749999999999829
0
LINE
8
F.Cu
6
CONTINUOUS
10
104.3921089999999907
20
-114.6222250000000003
11
104.4026939999999968
21
-114.6260779999999926
0
LINE
8
F.Cu
6
CONTINUOUS
10
104.4026939999999968
20
-114.6260779999999926
11
104.4132800000000003
21
-114.6349589999999949
0
LINE
8
F.Cu
6
CONTINUOUS
10
104.4132800000000003
20
-114.6349589999999949
11
104.4262629999999916
21
-114.6396839999999884
0
LINE
8
F.Cu
6
CONTINUOUS
10
104.4262629999999916
20
-114.6396839999999884
11
104.443760999999995
21
-114.6605330000000009
0
LINE
8
F.Cu
6
CONTINUOUS
10
104.443760999999995
20
-114.6605330000000009
11
104.4469959999999986
21
-114.666134999999997
0
LINE
8
F.Cu
6
CONTINUOUS
10
104.4469959999999986
20
-114.666134999999997
11
104.457499999999996
21
-114.7053289999999919
0
LINE
8
F.Cu
6
CONTINUOUS
10
104.457499999999996
20
-114.7053289999999919
11
104.457499999999996
21
-145.6403059999999812
0
LINE
8
F.Cu
6
CONTINUOUS
10
104.457499999999996
20
-145.6403059999999812
11
104.452771999999996
21
-145.667113999999998
0
LINE
8
F.Cu
6
CONTINUOUS
10
104.452771999999996
20
-145.667113999999998
11
104.4511789999999962
21
-145.6714900000000057
0
LINE
8
F.Cu
6
CONTINUOUS
10
104.4511789999999962
20
-145.6714900000000057
11
104.4489189999999894
21
-145.6776999999999873
0
LINE
8
F.Cu
6
CONTINUOUS
10
104.4489189999999894
20
-145.6776999999999873
11
104.4144709999999918
21
-145.7187579999999798
0
LINE
8
F.Cu
6
CONTINUOUS
10
104.4144709999999918
20
-145.7187579999999798
11
104.4088699999999932
21
-145.7219929999999977
0
LINE
8
F.Cu
6
CONTINUOUS
10
104.4088699999999932
20
-145.7219929999999977
11
104.3696709999999968
21
-145.7324999999999875
0
LINE
8
F.Cu
6
CONTINUOUS
10
104.3696709999999968
20
-145.7324999999999875
11
73.4346939999999933
21
-145.7324999999999875
0
LINE
8
F.Cu
6
CONTINUOUS
10
73.4346939999999933
20
-145.7324999999999875
11
73.4346919999999983
21
-145.73249899999999
0
LINE
8
F.Cu
6
CONTINUOUS
10
73.4346919999999983
20
-145.73249899999999
11
73.4346919999999983
21
-145.7324999999999875
0
LINE
8
F.Cu
6
CONTINUOUS
10
73.4346919999999983
20
-145.7324999999999875
11
73.4078889999999973
21
-145.7277729999999849
0
LINE
8
F.Cu
6
CONTINUOUS
10
73.4078889999999973
20
-145.7277729999999849
11
73.3973000000000013
21
-145.7239189999999951
0
LINE
8
F.Cu
6
CONTINUOUS
10
73.3973000000000013
20
-145.7239189999999951
11
73.3562330000000031
21
-145.6894570000000044
0
LINE
8
F.Cu
6
CONTINUOUS
10
73.3562330000000031
20
-145.6894570000000044
11
73.352998999999997
21
-145.6838549999999941
0
LINE
8
F.Cu
6
CONTINUOUS
10
73.352998999999997
20
-145.6838549999999941
11
73.3425000000000011
21
-145.6446699999999908
0
LINE
8
F.Cu
6
CONTINUOUS
10
73.3425000000000011
20
-145.6446699999999908
11
73.3425000000000011
21
-138.1239950000000078
0
LINE
8
F.Cu
6
CONTINUOUS
10
73.3425000000000011
20
-138.1239950000000078
11
73.3425000000000011
21
-128.1437080000000037
0
LINE
8
F.Cu
6
CONTINUOUS
10
73.3425000000000011
20
-128.1437080000000037
11
73.3425000000000011
21
-114.7096930000000015
0
LINE
8
F.Cu
6
CONTINUOUS
10
73.3425000000000011
20
-114.7096930000000015
11
73.347225999999992
21
-114.6828889999999888
0
LINE
8
F.Cu
6
CONTINUOUS
10
73.347225999999992
20
-114.6828889999999888
11
73.3510789999999986
21
-114.6723029999999994
0
LINE
8
F.Cu
6
CONTINUOUS
10
73.3510789999999986
20
-114.6723029999999994
11
73.3855379999999968
21
-114.6312349999999896
0
LINE
8
F.Cu
6
CONTINUOUS
10
73.3855379999999968
20
-114.6312349999999896
11
73.3855420000000009
21
-114.6312329999999946
0
LINE
8
F.Cu
6
CONTINUOUS
10
73.3855420000000009
20
-114.6312329999999946
11
73.391143999999997
21
-114.6279989999999884
0
LINE
8
F.Cu
6
CONTINUOUS
10
73.391143999999997
20
-114.6279989999999884
11
73.4303290000000004
21
-114.6174999999999926
0
LINE
8
F.Cu
6
CONTINUOUS
10
73.4303290000000004
20
-114.6174999999999926
11
104.3653059999999897
21
-114.6174999999999926
0
LINE
8
F.Cu
6
CONTINUOUS
10
104.3653059999999897
20
-114.6174999999999926
11
104.3921089999999907
21
-114.6222250000000003
0
LINE
8
F.Cu
6
CONTINUOUS
10
85.4801029999999997
20
-137.8174499999999796
11
85.4274849999999901
21
-137.8257839999999987
0
LINE
8
F.Cu
6
CONTINUOUS
10
85.4274849999999901
20
-137.8257839999999987
11
85.4274829999999952
21
-137.8257839999999987
0
LINE
8
F.Cu
6
CONTINUOUS
10
85.4274829999999952
20
-137.8257839999999987
11
85.4274800000000027
21
-137.8257849999999962
0
LINE
8
F.Cu
6
CONTINUOUS
10
85.4274800000000027
20
-137.8257849999999962
11
85.4274769999999961
21
-137.8257849999999962
0
LINE
8
F.Cu
6
CONTINUOUS
10
85.4274769999999961
20
-137.8257849999999962
11
85.237290999999999
21
-137.8875809999999831
0
LINE
8
F.Cu
6
CONTINUOUS
10
85.237290999999999
20
-137.8875809999999831
11
85.2372879999999924
21
-137.8875819999999806
0
LINE
8
F.Cu
6
CONTINUOUS
10
85.2372879999999924
20
-137.8875819999999806
11
85.0591299999999961
21
-137.9783599999999808
0
LINE
8
F.Cu
6
CONTINUOUS
10
85.0591299999999961
20
-137.9783599999999808
11
85.0591209999999904
21
-137.9783649999999966
0
LINE
8
F.Cu
6
CONTINUOUS
10
85.0591209999999904
20
-137.9783649999999966
11
85.0591149999999914
21
-137.9783689999999865
0
LINE
8
F.Cu
6
CONTINUOUS
10
85.0591149999999914
20
-137.9783689999999865
11
84.8973319999999916
21
-138.0959100000000035
0
LINE
8
F.Cu
6
CONTINUOUS
10
84.8973319999999916
20
-138.0959100000000035
11
84.8973060000000004
21
-138.0959320000000048
0
LINE
8
F.Cu
6
CONTINUOUS
10
84.8973060000000004
20
-138.0959320000000048
11
84.7559320000000014
21
-138.2373059999999896
0
LINE
8
F.Cu
6
CONTINUOUS
10
84.7559320000000014
20
-138.2373059999999896
11
84.7559100000000001
21
-138.2373319999999808
0
LINE
8
F.Cu
6
CONTINUOUS
10
84.7559100000000001
20
-138.2373319999999808
11
84.6383689999999973
21
-138.3991149999999948
0
LINE
8
F.Cu
6
CONTINUOUS
10
84.6383689999999973
20
-138.3991149999999948
11
84.6383649999999932
21
-138.3991209999999796
0
LINE
8
F.Cu
6
CONTINUOUS
10
84.6383649999999932
20
-138.3991209999999796
11
84.6383599999999916
21
-138.3991299999999853
0
LINE
8
F.Cu
6
CONTINUOUS
10
84.6383599999999916
20
-138.3991299999999853
11
84.5475819999999914
21
-138.5772879999999816
0
LINE
8
F.Cu
6
CONTINUOUS
10
84.5475819999999914
20
-138.5772879999999816
11
84.5475809999999939
21
-138.5772910000000024
0
LINE
8
F.Cu
6
CONTINUOUS
10
84.5475809999999939
20
-138.5772910000000024
11
84.4857849999999928
21
-138.7674769999999853
0
LINE
8
F.Cu
6
CONTINUOUS
10
84.4857849999999928
20
-138.7674769999999853
11
84.4857849999999928
21
-138.7674800000000062
0
LINE
8
F.Cu
6
CONTINUOUS
10
84.4857849999999928
20
-138.7674800000000062
11
84.4857839999999953
21
-138.7674829999999986
0
LINE
8
F.Cu
6
CONTINUOUS
10
84.4857839999999953
20
-138.7674829999999986
11
84.4857839999999953
21
-138.7674849999999935
0
LINE
8
F.Cu
6
CONTINUOUS
10
84.4857839999999953
20
-138.7674849999999935
11
84.4801649999999995
21
-138.8029579999999896
0
LINE
8
F.Cu
6
CONTINUOUS
10
84.4801649999999995
20
-138.8029579999999896
11
84.4544999999999959
21
-138.9649969999999826
0
LINE
8
F.Cu
6
CONTINUOUS
10
84.4544999999999959
20
-138.9649969999999826
11
84.4544999999999959
21
-141.7050009999999816
0
LINE
8
F.Cu
6
CONTINUOUS
10
84.4544999999999959
20
-141.7050009999999816
11
84.4758870000000002
21
-141.8400330000000054
0
LINE
8
F.Cu
6
CONTINUOUS
10
84.4758870000000002
20
-141.8400330000000054
11
84.4857829999999979
21
-141.9025100000000066
0
LINE
8
F.Cu
6
CONTINUOUS
10
84.4857829999999979
20
-141.9025100000000066
11
84.4857849999999928
21
-141.9025179999999864
0
LINE
8
F.Cu
6
CONTINUOUS
10
84.4857849999999928
20
-141.9025179999999864
11
84.4857849999999928
21
-141.9025210000000072
0
LINE
8
F.Cu
6
CONTINUOUS
10
84.4857849999999928
20
-141.9025210000000072
11
84.5475799999999964
21
-142.0927030000000002
0
LINE
8
F.Cu
6
CONTINUOUS
10
84.5475799999999964
20
-142.0927030000000002
11
84.6383639999999957
21
-142.2708749999999895
0
LINE
8
F.Cu
6
CONTINUOUS
10
84.6383639999999957
20
-142.2708749999999895
11
84.6383679999999998
21
-142.2708810000000028
0
LINE
8
F.Cu
6
CONTINUOUS
10
84.6383679999999998
20
-142.2708810000000028
11
84.6383709999999923
21
-142.2708869999999877
0
LINE
8
F.Cu
6
CONTINUOUS
10
84.6383709999999923
20
-142.2708869999999877
11
84.7036339999999939
21
-142.3607140000000015
0
LINE
8
F.Cu
6
CONTINUOUS
10
84.7036339999999939
20
-142.3607140000000015
11
84.75591399999999
21
-142.4326719999999966
0
LINE
8
F.Cu
6
CONTINUOUS
10
84.75591399999999
20
-142.4326719999999966
11
84.7559320000000014
21
-142.432692000000003
0
LINE
8
F.Cu
6
CONTINUOUS
10
84.7559320000000014
20
-142.432692000000003
11
84.8973099999999903
21
-142.5740700000000061
0
LINE
8
F.Cu
6
CONTINUOUS
10
84.8973099999999903
20
-142.5740700000000061
11
84.897317000000001
21
-142.5740759999999909
0
LINE
8
F.Cu
6
CONTINUOUS
10
84.897317000000001
20
-142.5740759999999909
11
84.8973239999999976
21
-142.5740820000000042
0
LINE
8
F.Cu
6
CONTINUOUS
10
84.8973239999999976
20
-142.5740820000000042
11
84.897324999999995
21
-142.5740830000000017
0
LINE
8
F.Cu
6
CONTINUOUS
10
84.897324999999995
20
-142.5740830000000017
11
85.0591129999999964
21
-142.691629000000006
0
LINE
8
F.Cu
6
CONTINUOUS
10
85.0591129999999964
20
-142.691629000000006
11
85.059119999999993
21
-142.6916329999999959
0
LINE
8
F.Cu
6
CONTINUOUS
10
85.059119999999993
20
-142.6916329999999959
11
85.0591239999999971
21
-142.6916349999999909
0
LINE
8
F.Cu
6
CONTINUOUS
10
85.0591239999999971
20
-142.6916349999999909
11
85.059151
21
-142.6916499999999814
0
LINE
8
F.Cu
6
CONTINUOUS
10
85.059151
20
-142.6916499999999814
11
85.059314999999998
21
-142.6917329999999993
0
LINE
8
F.Cu
6
CONTINUOUS
10
85.059314999999998
20
-142.6917329999999993
11
85.2372879999999924
21
-142.7824159999999836
0
LINE
8
F.Cu
6
CONTINUOUS
10
85.2372879999999924
20
-142.7824159999999836
11
85.2372900000000016
21
-142.782416999999981
0
LINE
8
F.Cu
6
CONTINUOUS
10
85.2372900000000016
20
-142.782416999999981
11
85.2372950000000031
21
-142.7824180000000069
0
LINE
8
F.Cu
6
CONTINUOUS
10
85.2372950000000031
20
-142.7824180000000069
11
85.2372960000000006
21
-142.7824190000000044
0
LINE
8
F.Cu
6
CONTINUOUS
10
85.2372960000000006
20
-142.7824190000000044
11
85.4274849999999901
21
-142.8442149999999913
0
LINE
8
F.Cu
6
CONTINUOUS
10
85.4274849999999901
20
-142.8442149999999913
11
85.4274879999999968
21
-142.8442159999999888
0
LINE
8
F.Cu
6
CONTINUOUS
10
85.4274879999999968
20
-142.8442159999999888
11
85.6250009999999975
21
-142.8754989999999907
0
LINE
8
F.Cu
6
CONTINUOUS
10
85.6250009999999975
20
-142.8754989999999907
11
85.6250039999999899
21
-142.8754989999999907
0
LINE
8
F.Cu
6
CONTINUOUS
10
85.6250039999999899
20
-142.8754989999999907
11
85.6250089999999915
21
-142.8754999999999882
0
LINE
8
F.Cu
6
CONTINUOUS
10
85.6250089999999915
20
-142.8754999999999882
11
85.6250119999999981
21
-142.8754999999999882
0
LINE
8
F.Cu
6
CONTINUOUS
10
85.6250119999999981
20
-142.8754999999999882
11
85.8249879999999905
21
-142.8754999999999882
0
LINE
8
F.Cu
6
CONTINUOUS
10
85.8249879999999905
20
-142.8754999999999882
11
85.8249909999999971
21
-142.8754999999999882
0
LINE
8
F.Cu
6
CONTINUOUS
10
85.8249909999999971
20
-142.8754999999999882
11
85.8249959999999987
21
-142.8754989999999907
0
LINE
8
F.Cu
6
CONTINUOUS
10
85.8249959999999987
20
-142.8754989999999907
11
85.8249979999999937
21
-142.8754989999999907
0
LINE
8
F.Cu
6
CONTINUOUS
10
85.8249979999999937
20
-142.8754989999999907
11
85.9237499999999983
21
-142.8598580000000027
0
LINE
8
F.Cu
6
CONTINUOUS
10
85.9237499999999983
20
-142.8598580000000027
11
86.0225099999999969
21
-142.8442159999999888
0
LINE
8
F.Cu
6
CONTINUOUS
10
86.0225099999999969
20
-142.8442159999999888
11
86.0225119999999919
21
-142.8442149999999913
0
LINE
8
F.Cu
6
CONTINUOUS
10
86.0225119999999919
20
-142.8442149999999913
11
86.022514000000001
21
-142.8442149999999913
0
LINE
8
F.Cu
6
CONTINUOUS
10
86.022514000000001
20
-142.8442149999999913
11
86.0227730000000008
21
-142.8441310000000044
0
LINE
8
F.Cu
6
CONTINUOUS
10
86.0227730000000008
20
-142.8441310000000044
11
86.0278319999999894
21
-142.8425079999999809
0
LINE
8
F.Cu
6
CONTINUOUS
10
86.0278319999999894
20
-142.8425079999999809
11
86.0280769999999961
21
-142.8424069999999801
0
LINE
8
F.Cu
6
CONTINUOUS
10
86.0280769999999961
20
-142.8424069999999801
11
86.2127029999999905
21
-142.7824190000000044
0
LINE
8
F.Cu
6
CONTINUOUS
10
86.2127029999999905
20
-142.7824190000000044
11
86.2127089999999896
21
-142.7824159999999836
0
LINE
8
F.Cu
6
CONTINUOUS
10
86.2127089999999896
20
-142.7824159999999836
11
86.2127100000000013
21
-142.7824159999999836
0
LINE
8
F.Cu
6
CONTINUOUS
10
86.2127100000000013
20
-142.7824159999999836
11
86.2855769999999893
21
-142.7452869999999905
0
LINE
8
F.Cu
6
CONTINUOUS
10
86.2855769999999893
20
-142.7452869999999905
11
86.3908749999999941
21
-142.6916349999999909
0
LINE
8
F.Cu
6
CONTINUOUS
10
86.3908749999999941
20
-142.6916349999999909
11
86.3908739999999966
21
-142.6916349999999909
0
LINE
8
F.Cu
6
CONTINUOUS
10
86.3908739999999966
20
-142.6916349999999909
11
86.3908869999999922
21
-142.691629000000006
0
LINE
8
F.Cu
6
CONTINUOUS
10
86.3908869999999922
20
-142.691629000000006
11
86.3908919999999938
21
-142.6916249999999877
0
LINE
8
F.Cu
6
CONTINUOUS
10
86.3908919999999938
20
-142.6916249999999877
11
86.3929389999999984
21
-142.6905820000000062
0
LINE
8
F.Cu
6
CONTINUOUS
10
86.3929389999999984
20
-142.6905820000000062
11
86.3929529999999914
21
-142.6905749999999955
0
LINE
8
F.Cu
6
CONTINUOUS
10
86.3929529999999914
20
-142.6905749999999955
11
86.4195589999999925
21
-142.6770180000000039
0
LINE
8
F.Cu
6
CONTINUOUS
10
86.4195589999999925
20
-142.6770180000000039
11
86.4332409999999953
21
-142.6608559999999954
0
LINE
8
F.Cu
6
CONTINUOUS
10
86.4332409999999953
20
-142.6608559999999954
11
86.5526749999999936
21
-142.5740830000000017
0
LINE
8
F.Cu
6
CONTINUOUS
10
86.5526749999999936
20
-142.5740830000000017
11
86.694082999999992
21
-142.432674999999989
0
LINE
8
F.Cu
6
CONTINUOUS
10
86.694082999999992
20
-142.432674999999989
11
86.8116289999999964
21
-142.2708869999999877
0
LINE
8
F.Cu
6
CONTINUOUS
10
86.8116289999999964
20
-142.2708869999999877
11
86.9024189999999948
21
-142.0927030000000002
0
LINE
8
F.Cu
6
CONTINUOUS
10
86.9024189999999948
20
-142.0927030000000002
11
86.9642149999999958
21
-141.9025139999999965
0
LINE
8
F.Cu
6
CONTINUOUS
10
86.9642149999999958
20
-141.9025139999999965
11
86.9954989999999952
21
-141.7049959999999942
0
LINE
8
F.Cu
6
CONTINUOUS
10
86.9954989999999952
20
-141.7049959999999942
11
86.9954999999999927
21
-141.7049869999999885
0
LINE
8
F.Cu
6
CONTINUOUS
10
86.9954999999999927
20
-141.7049869999999885
11
86.9954999999999927
21
-138.9650120000000015
0
LINE
8
F.Cu
6
CONTINUOUS
10
86.9954999999999927
20
-138.9650120000000015
11
86.9954989999999952
21
-138.9650010000000009
0
LINE
8
F.Cu
6
CONTINUOUS
10
86.9954989999999952
20
-138.9650010000000009
11
86.9642169999999908
21
-138.7674949999999967
0
LINE
8
F.Cu
6
CONTINUOUS
10
86.9642169999999908
20
-138.7674949999999967
11
86.9642159999999933
21
-138.7674930000000018
0
LINE
8
F.Cu
6
CONTINUOUS
10
86.9642159999999933
20
-138.7674930000000018
11
86.9642159999999933
21
-138.7674899999999809
0
LINE
8
F.Cu
6
CONTINUOUS
10
86.9642159999999933
20
-138.7674899999999809
11
86.9642149999999958
21
-138.767487999999986
0
LINE
8
F.Cu
6
CONTINUOUS
10
86.9642149999999958
20
-138.767487999999986
11
86.9642149999999958
21
-138.7674849999999935
0
LINE
8
F.Cu
6
CONTINUOUS
10
86.9642149999999958
20
-138.7674849999999935
11
86.9641309999999947
21
-138.7672259999999937
0
LINE
8
F.Cu
6
CONTINUOUS
10
86.9641309999999947
20
-138.7672259999999937
11
86.9625049999999931
21
-138.7621599999999944
0
LINE
8
F.Cu
6
CONTINUOUS
10
86.9625049999999931
20
-138.7621599999999944
11
86.9624060000000014
21
-138.761919000000006
0
LINE
8
F.Cu
6
CONTINUOUS
10
86.9624060000000014
20
-138.761919000000006
11
86.9024189999999948
21
-138.5772959999999898
0
LINE
8
F.Cu
6
CONTINUOUS
10
86.9024189999999948
20
-138.5772959999999898
11
86.9024179999999973
21
-138.5772949999999923
0
LINE
8
F.Cu
6
CONTINUOUS
10
86.9024179999999973
20
-138.5772949999999923
11
86.9024169999999998
21
-138.577290000000005
0
LINE
8
F.Cu
6
CONTINUOUS
10
86.9024169999999998
20
-138.577290000000005
11
86.9024160000000023
21
-138.5772879999999816
0
LINE
8
F.Cu
6
CONTINUOUS
10
86.9024160000000023
20
-138.5772879999999816
11
86.8117329999999896
21
-138.3993150000000014
0
LINE
8
F.Cu
6
CONTINUOUS
10
86.8117329999999896
20
-138.3993150000000014
11
86.8116500000000002
21
-138.3991509999999892
0
LINE
8
F.Cu
6
CONTINUOUS
10
86.8116500000000002
20
-138.3991509999999892
11
86.8116349999999954
21
-138.3991240000000005
0
LINE
8
F.Cu
6
CONTINUOUS
10
86.8116349999999954
20
-138.3991240000000005
11
86.811632000000003
21
-138.3991189999999847
0
LINE
8
F.Cu
6
CONTINUOUS
10
86.811632000000003
20
-138.3991189999999847
11
86.8116289999999964
21
-138.3991129999999998
0
LINE
8
F.Cu
6
CONTINUOUS
10
86.8116289999999964
20
-138.3991129999999998
11
86.694082999999992
21
-138.2373249999999985
0
LINE
8
F.Cu
6
CONTINUOUS
10
86.694082999999992
20
-138.2373249999999985
11
86.6940819999999945
21
-138.237324000000001
0
LINE
8
F.Cu
6
CONTINUOUS
10
86.6940819999999945
20
-138.237324000000001
11
86.6940759999999955
21
-138.2373169999999902
0
LINE
8
F.Cu
6
CONTINUOUS
10
86.6940759999999955
20
-138.2373169999999902
11
86.6940699999999964
21
-138.2373100000000079
0
LINE
8
F.Cu
6
CONTINUOUS
10
86.6940699999999964
20
-138.2373100000000079
11
86.5526919999999933
21
-138.0959320000000048
0
LINE
8
F.Cu
6
CONTINUOUS
10
86.5526919999999933
20
-138.0959320000000048
11
86.5526720000000012
21
-138.0959139999999934
0
LINE
8
F.Cu
6
CONTINUOUS
10
86.5526720000000012
20
-138.0959139999999934
11
86.3908869999999922
21
-137.9783709999999814
0
LINE
8
F.Cu
6
CONTINUOUS
10
86.3908869999999922
20
-137.9783709999999814
11
86.3908599999999893
21
-137.9783549999999934
0
LINE
8
F.Cu
6
CONTINUOUS
10
86.3908599999999893
20
-137.9783549999999934
11
86.3907619999999952
21
-137.9783060000000035
0
LINE
8
F.Cu
6
CONTINUOUS
10
86.3907619999999952
20
-137.9783060000000035
11
86.2127029999999905
21
-137.8875799999999856
0
LINE
8
F.Cu
6
CONTINUOUS
10
86.2127029999999905
20
-137.8875799999999856
11
86.0225190000000026
21
-137.8257849999999962
0
LINE
8
F.Cu
6
CONTINUOUS
10
86.0225190000000026
20
-137.8257849999999962
11
86.0225149999999985
21
-137.8257839999999987
0
LINE
8
F.Cu
6
CONTINUOUS
10
86.0225149999999985
20
-137.8257839999999987
11
86.022514000000001
21
-137.8257839999999987
0
LINE
8
F.Cu
6
CONTINUOUS
10
86.022514000000001
20
-137.8257839999999987
11
85.9698959999999914
21
-137.8174499999999796
0
LINE
8
F.Cu
6
CONTINUOUS
10
85.9698959999999914
20
-137.8174499999999796
11
85.8250010000000003
21
-137.7944999999999993
0
LINE
8
F.Cu
6
CONTINUOUS
10
85.8250010000000003
20
-137.7944999999999993
11
85.8249959999999987
21
-137.7944999999999993
0
LINE
8
F.Cu
6
CONTINUOUS
10
85.8249959999999987
20
-137.7944999999999993
11
85.8249909999999971
21
-137.7944999999999993
0
LINE
8
F.Cu
6
CONTINUOUS
10
85.8249909999999971
20
-137.7944999999999993
11
85.6250089999999915
21
-137.7944999999999993
0
LINE
8
F.Cu
6
CONTINUOUS
10
85.6250089999999915
20
-137.7944999999999993
11
85.6250029999999924
21
-137.7944999999999993
0
LINE
8
F.Cu
6
CONTINUOUS
10
85.6250029999999924
20
-137.7944999999999993
11
85.6249969999999934
21
-137.7944999999999993
0
LINE
8
F.Cu
6
CONTINUOUS
10
85.6249969999999934
20
-137.7944999999999993
11
85.4801029999999997
21
-137.8174499999999796
0
LINE
8
F.Cu
6
CONTINUOUS
10
76.8294999999999959
20
-141.593513999999999
11
76.8298059999999907
21
-141.6075739999999996
0
LINE
8
F.Cu
6
CONTINUOUS
10
76.8298059999999907
20
-141.6075739999999996
11
76.8326429999999903
21
-141.6203689999999824
0
LINE
8
F.Cu
6
CONTINUOUS
10
76.8326429999999903
20
-141.6203689999999824
11
76.8344999999999914
21
-141.6373299999999915
0
LINE
8
F.Cu
6
CONTINUOUS
10
76.8344999999999914
20
-141.6373299999999915
11
76.8344999999999914
21
-141.7050009999999816
0
LINE
8
F.Cu
6
CONTINUOUS
10
76.8344999999999914
20
-141.7050009999999816
11
76.8558869999999956
21
-141.8400330000000054
0
LINE
8
F.Cu
6
CONTINUOUS
10
76.8558869999999956
20
-141.8400330000000054
11
76.8657829999999933
21
-141.9025100000000066
0
LINE
8
F.Cu
6
CONTINUOUS
10
76.8657829999999933
20
-141.9025100000000066
11
76.8657850000000025
21
-141.9025179999999864
0
LINE
8
F.Cu
6
CONTINUOUS
10
76.8657850000000025
20
-141.9025179999999864
11
76.8657850000000025
21
-141.9025210000000072
0
LINE
8
F.Cu
6
CONTINUOUS
10
76.8657850000000025
20
-141.9025210000000072
11
76.9275799999999919
21
-142.0927030000000002
0
LINE
8
F.Cu
6
CONTINUOUS
10
76.9275799999999919
20
-142.0927030000000002
11
77.0183639999999912
21
-142.2708749999999895
0
LINE
8
F.Cu
6
CONTINUOUS
10
77.0183639999999912
20
-142.2708749999999895
11
77.0183679999999953
21
-142.2708810000000028
0
LINE
8
F.Cu
6
CONTINUOUS
10
77.0183679999999953
20
-142.2708810000000028
11
77.0183710000000019
21
-142.2708869999999877
0
LINE
8
F.Cu
6
CONTINUOUS
10
77.0183710000000019
20
-142.2708869999999877
11
77.0836340000000035
21
-142.3607140000000015
0
LINE
8
F.Cu
6
CONTINUOUS
10
77.0836340000000035
20
-142.3607140000000015
11
77.1359139999999996
21
-142.4326719999999966
0
LINE
8
F.Cu
6
CONTINUOUS
10
77.1359139999999996
20
-142.4326719999999966
11
77.1359319999999968
21
-142.432692000000003
0
LINE
8
F.Cu
6
CONTINUOUS
10
77.1359319999999968
20
-142.432692000000003
11
77.2773099999999999
21
-142.5740700000000061
0
LINE
8
F.Cu
6
CONTINUOUS
10
77.2773099999999999
20
-142.5740700000000061
11
77.2773169999999965
21
-142.5740759999999909
0
LINE
8
F.Cu
6
CONTINUOUS
10
77.2773169999999965
20
-142.5740759999999909
11
77.277323999999993
21
-142.5740820000000042
0
LINE
8
F.Cu
6
CONTINUOUS
10
77.277323999999993
20
-142.5740820000000042
11
77.2773249999999905
21
-142.5740830000000017
0
LINE
8
F.Cu
6
CONTINUOUS
10
77.2773249999999905
20
-142.5740830000000017
11
77.4391129999999919
21
-142.691629000000006
0
LINE
8
F.Cu
6
CONTINUOUS
10
77.4391129999999919
20
-142.691629000000006
11
77.4391200000000026
21
-142.6916329999999959
0
LINE
8
F.Cu
6
CONTINUOUS
10
77.4391200000000026
20
-142.6916329999999959
11
77.4391239999999925
21
-142.6916349999999909
0
LINE
8
F.Cu
6
CONTINUOUS
10
77.4391239999999925
20
-142.6916349999999909
11
77.4391509999999954
21
-142.6916499999999814
0
LINE
8
F.Cu
6
CONTINUOUS
10
77.4391509999999954
20
-142.6916499999999814
11
77.4393149999999935
21
-142.6917329999999993
0
LINE
8
F.Cu
6
CONTINUOUS
10
77.4393149999999935
20
-142.6917329999999993
11
77.6172880000000021
21
-142.7824159999999836
0
LINE
8
F.Cu
6
CONTINUOUS
10
77.6172880000000021
20
-142.7824159999999836
11
77.617289999999997
21
-142.782416999999981
0
LINE
8
F.Cu
6
CONTINUOUS
10
77.617289999999997
20
-142.782416999999981
11
77.6172949999999986
21
-142.7824180000000069
0
LINE
8
F.Cu
6
CONTINUOUS
10
77.6172949999999986
20
-142.7824180000000069
11
77.6172959999999961
21
-142.7824190000000044
0
LINE
8
F.Cu
6
CONTINUOUS
10
77.6172959999999961
20
-142.7824190000000044
11
77.8074849999999998
21
-142.8442149999999913
0
LINE
8
F.Cu
6
CONTINUOUS
10
77.8074849999999998
20
-142.8442149999999913
11
77.8074879999999922
21
-142.8442159999999888
0
LINE
8
F.Cu
6
CONTINUOUS
10
77.8074879999999922
20
-142.8442159999999888
11
78.0050009999999929
21
-142.8754989999999907
0
LINE
8
F.Cu
6
CONTINUOUS
10
78.0050009999999929
20
-142.8754989999999907
11
78.0050039999999996
21
-142.8754989999999907
0
LINE
8
F.Cu
6
CONTINUOUS
10
78.0050039999999996
20
-142.8754989999999907
11
78.0050090000000012
21
-142.8754999999999882
0
LINE
8
F.Cu
6
CONTINUOUS
10
78.0050090000000012
20
-142.8754999999999882
11
78.0050119999999936
21
-142.8754999999999882
0
LINE
8
F.Cu
6
CONTINUOUS
10
78.0050119999999936
20
-142.8754999999999882
11
78.2049880000000002
21
-142.8754999999999882
0
LINE
8
F.Cu
6
CONTINUOUS
10
78.2049880000000002
20
-142.8754999999999882
11
78.2049909999999926
21
-142.8754999999999882
0
LINE
8
F.Cu
6
CONTINUOUS
10
78.2049909999999926
20
-142.8754999999999882
11
78.2049959999999942
21
-142.8754989999999907
0
LINE
8
F.Cu
6
CONTINUOUS
10
78.2049959999999942
20
-142.8754989999999907
11
78.2049980000000033
21
-142.8754989999999907
0
LINE
8
F.Cu
6
CONTINUOUS
10
78.2049980000000033
20
-142.8754989999999907
11
78.3037499999999937
21
-142.8598580000000027
0
LINE
8
F.Cu
6
CONTINUOUS
10
78.3037499999999937
20
-142.8598580000000027
11
78.4025099999999924
21
-142.8442159999999888
0
LINE
8
F.Cu
6
CONTINUOUS
10
78.4025099999999924
20
-142.8442159999999888
11
78.4025120000000015
21
-142.8442149999999913
0
LINE
8
F.Cu
6
CONTINUOUS
10
78.4025120000000015
20
-142.8442149999999913
11
78.4025139999999965
21
-142.8442149999999913
0
LINE
8
F.Cu
6
CONTINUOUS
10
78.4025139999999965
20
-142.8442149999999913
11
78.4027729999999963
21
-142.8441310000000044
0
LINE
8
F.Cu
6
CONTINUOUS
10
78.4027729999999963
20
-142.8441310000000044
11
78.4078319999999991
21
-142.8425079999999809
0
LINE
8
F.Cu
6
CONTINUOUS
10
78.4078319999999991
20
-142.8425079999999809
11
78.4080769999999916
21
-142.8424069999999801
0
LINE
8
F.Cu
6
CONTINUOUS
10
78.4080769999999916
20
-142.8424069999999801
11
78.5927030000000002
21
-142.7824190000000044
0
LINE
8
F.Cu
6
CONTINUOUS
10
78.5927030000000002
20
-142.7824190000000044
11
78.5927089999999993
21
-142.7824159999999836
0
LINE
8
F.Cu
6
CONTINUOUS
10
78.5927089999999993
20
-142.7824159999999836
11
78.5927099999999967
21
-142.7824159999999836
0
LINE
8
F.Cu
6
CONTINUOUS
10
78.5927099999999967
20
-142.7824159999999836
11
78.665576999999999
21
-142.7452869999999905
0
LINE
8
F.Cu
6
CONTINUOUS
10
78.665576999999999
20
-142.7452869999999905
11
78.7708749999999895
21
-142.6916349999999909
0
LINE
8
F.Cu
6
CONTINUOUS
10
78.7708749999999895
20
-142.6916349999999909
11
78.7708739999999921
21
-142.6916349999999909
0
LINE
8
F.Cu
6
CONTINUOUS
10
78.7708739999999921
20
-142.6916349999999909
11
78.7708870000000019
21
-142.691629000000006
0
LINE
8
F.Cu
6
CONTINUOUS
10
78.7708870000000019
20
-142.691629000000006
11
78.7708920000000035
21
-142.6916249999999877
0
LINE
8
F.Cu
6
CONTINUOUS
10
78.7708920000000035
20
-142.6916249999999877
11
78.7729389999999938
21
-142.6905820000000062
0
LINE
8
F.Cu
6
CONTINUOUS
10
78.7729389999999938
20
-142.6905820000000062
11
78.7729530000000011
21
-142.6905749999999955
0
LINE
8
F.Cu
6
CONTINUOUS
10
78.7729530000000011
20
-142.6905749999999955
11
78.7995590000000021
21
-142.6770180000000039
0
LINE
8
F.Cu
6
CONTINUOUS
10
78.7995590000000021
20
-142.6770180000000039
11
78.8132409999999908
21
-142.6608559999999954
0
LINE
8
F.Cu
6
CONTINUOUS
10
78.8132409999999908
20
-142.6608559999999954
11
78.9326750000000033
21
-142.5740830000000017
0
LINE
8
F.Cu
6
CONTINUOUS
10
78.9326750000000033
20
-142.5740830000000017
11
79.0740830000000017
21
-142.432674999999989
0
LINE
8
F.Cu
6
CONTINUOUS
10
79.0740830000000017
20
-142.432674999999989
11
79.1916289999999918
21
-142.2708869999999877
0
LINE
8
F.Cu
6
CONTINUOUS
10
79.1916289999999918
20
-142.2708869999999877
11
79.2824189999999902
21
-142.0927030000000002
0
LINE
8
F.Cu
6
CONTINUOUS
10
79.2824189999999902
20
-142.0927030000000002
11
79.3442149999999913
21
-141.9025139999999965
0
LINE
8
F.Cu
6
CONTINUOUS
10
79.3442149999999913
20
-141.9025139999999965
11
79.3754989999999907
21
-141.7049959999999942
0
LINE
8
F.Cu
6
CONTINUOUS
10
79.3754989999999907
20
-141.7049959999999942
11
79.3755000000000024
21
-141.7049869999999885
0
LINE
8
F.Cu
6
CONTINUOUS
10
79.3755000000000024
20
-141.7049869999999885
11
79.3755000000000024
21
-141.6287120000000073
0
LINE
8
F.Cu
6
CONTINUOUS
10
79.3755000000000024
20
-141.6287120000000073
11
79.3766909999999939
21
-141.615099999999984
0
LINE
8
F.Cu
6
CONTINUOUS
10
79.3766909999999939
20
-141.615099999999984
11
79.3804999999999978
21
-141.5935010000000034
0
LINE
8
F.Cu
6
CONTINUOUS
10
79.3804999999999978
20
-141.5935010000000034
11
79.3804999999999978
21
-138.9649969999999826
0
LINE
8
F.Cu
6
CONTINUOUS
10
79.3804999999999978
20
-138.9649969999999826
11
79.3804999999999978
21
-138.9137529999999856
0
LINE
8
F.Cu
6
CONTINUOUS
10
79.3804999999999978
20
-138.9137529999999856
11
79.3988360000000029
21
-138.8633749999999907
0
LINE
8
F.Cu
6
CONTINUOUS
10
79.3988360000000029
20
-138.8633749999999907
11
79.4034559999999914
21
-138.8583339999999851
0
LINE
8
F.Cu
6
CONTINUOUS
10
79.4034559999999914
20
-138.8583339999999851
11
80.1208340000000021
21
-138.1409559999999885
0
LINE
8
F.Cu
6
CONTINUOUS
10
80.1208340000000021
20
-138.1409559999999885
11
80.1694219999999973
21
-138.1182979999999816
0
LINE
8
F.Cu
6
CONTINUOUS
10
80.1694219999999973
20
-138.1182979999999816
11
80.1762530000000027
21
-138.117999999999995
0
LINE
8
F.Cu
6
CONTINUOUS
10
80.1762530000000027
20
-138.117999999999995
11
80.5470490000000012
21
-138.117999999999995
0
LINE
8
F.Cu
6
CONTINUOUS
10
80.5470490000000012
20
-138.117999999999995
11
80.5516389999999944
21
-138.1170869999999979
0
LINE
8
F.Cu
6
CONTINUOUS
10
80.5516389999999944
20
-138.1170869999999979
11
80.7383609999999976
21
-138.1170869999999979
0
LINE
8
F.Cu
6
CONTINUOUS
10
80.7383609999999976
20
-138.1170869999999979
11
80.7429509999999908
21
-138.117999999999995
0
LINE
8
F.Cu
6
CONTINUOUS
10
80.7429509999999908
20
-138.117999999999995
11
82.5452499999999958
21
-138.117999999999995
0
LINE
8
F.Cu
6
CONTINUOUS
10
82.5452499999999958
20
-138.117999999999995
11
82.5583730000000031
21
-138.1177129999999806
0
LINE
8
F.Cu
6
CONTINUOUS
10
82.5583730000000031
20
-138.1177129999999806
11
82.5593119999999914
21
-138.1176930000000027
0
LINE
8
F.Cu
6
CONTINUOUS
10
82.5593119999999914
20
-138.1176930000000027
11
82.6688309999999973
21
-138.0934179999999856
0
LINE
8
F.Cu
6
CONTINUOUS
10
82.6688309999999973
20
-138.0934179999999856
11
82.6769630000000006
21
-138.0900499999999909
0
LINE
8
F.Cu
6
CONTINUOUS
10
82.6769630000000006
20
-138.0900499999999909
11
82.6898740000000032
21
-138.084368999999981
0
LINE
8
F.Cu
6
CONTINUOUS
10
82.6898740000000032
20
-138.084368999999981
11
82.781762999999998
21
-138.0200269999999989
0
LINE
8
F.Cu
6
CONTINUOUS
10
82.781762999999998
20
-138.0200269999999989
11
83.9308339999999902
21
-136.8709549999999808
0
LINE
8
F.Cu
6
CONTINUOUS
10
83.9308339999999902
20
-136.8709549999999808
11
83.9794219999999996
21
-136.8482979999999998
0
LINE
8
F.Cu
6
CONTINUOUS
10
83.9794219999999996
20
-136.8482979999999998
11
83.9862529999999907
21
-136.8479999999999848
0
LINE
8
F.Cu
6
CONTINUOUS
10
83.9862529999999907
20
-136.8479999999999848
11
88.5749969999999962
21
-136.8479999999999848
0
LINE
8
F.Cu
6
CONTINUOUS
10
88.5749969999999962
20
-136.8479999999999848
11
88.6253749999999911
21
-136.8663359999999898
0
LINE
8
F.Cu
6
CONTINUOUS
10
88.6253749999999911
20
-136.8663359999999898
11
88.6304049999999961
21
-136.8709450000000061
0
LINE
8
F.Cu
6
CONTINUOUS
10
88.6304049999999961
20
-136.8709450000000061
11
89.2535299999999978
21
-137.4940699999999936
0
LINE
8
F.Cu
6
CONTINUOUS
10
89.2535299999999978
20
-137.4940699999999936
11
89.6207289999999972
21
-137.861268999999993
0
LINE
8
F.Cu
6
CONTINUOUS
10
89.6207289999999972
20
-137.861268999999993
11
89.6309260000000023
21
-137.8710309999999879
0
LINE
8
F.Cu
6
CONTINUOUS
10
89.6309260000000023
20
-137.8710309999999879
11
89.6309309999999897
21
-137.8710350000000062
0
LINE
8
F.Cu
6
CONTINUOUS
10
89.6309309999999897
20
-137.8710350000000062
11
89.6727329999999938
21
-137.8976629999999943
0
LINE
8
F.Cu
6
CONTINUOUS
10
89.6727329999999938
20
-137.8976629999999943
11
89.725523999999993
21
-137.9312919999999849
0
LINE
8
F.Cu
6
CONTINUOUS
10
89.725523999999993
20
-137.9312919999999849
11
89.7255339999999961
21
-137.9312979999999982
0
LINE
8
F.Cu
6
CONTINUOUS
10
89.7255339999999961
20
-137.9312979999999982
11
89.7255380000000002
21
-137.9313009999999906
0
LINE
8
F.Cu
6
CONTINUOUS
10
89.7255380000000002
20
-137.9313009999999906
11
89.7336489999999998
21
-137.9346599999999796
0
LINE
8
F.Cu
6
CONTINUOUS
10
89.7336489999999998
20
-137.9346599999999796
11
89.7336600000000004
21
-137.9346639999999979
0
LINE
8
F.Cu
6
CONTINUOUS
10
89.7336600000000004
20
-137.9346639999999979
11
89.7336689999999919
21
-137.9346679999999878
0
LINE
8
F.Cu
6
CONTINUOUS
10
89.7336689999999919
20
-137.9346679999999878
11
89.7467910000000018
21
-137.9397710000000075
0
LINE
8
F.Cu
6
CONTINUOUS
10
89.7467910000000018
20
-137.9397710000000075
11
89.7743399999999951
21
-137.9446279999999945
0
LINE
8
F.Cu
6
CONTINUOUS
10
89.7743399999999951
20
-137.9446279999999945
11
89.8572599999999966
21
-137.9592499999999973
0
LINE
8
F.Cu
6
CONTINUOUS
10
89.8572599999999966
20
-137.9592499999999973
11
93.6577359999999999
21
-137.9592499999999973
0
LINE
8
F.Cu
6
CONTINUOUS
10
93.6577359999999999
20
-137.9592499999999973
11
93.657749999999993
21
-137.9592499999999973
0
LINE
8
F.Cu
6
CONTINUOUS
10
93.657749999999993
20
-137.9592499999999973
11
93.6708730000000003
21
-137.9589629999999829
0
LINE
8
F.Cu
6
CONTINUOUS
10
93.6708730000000003
20
-137.9589629999999829
11
93.6718120000000027
21
-137.958943000000005
0
LINE
8
F.Cu
6
CONTINUOUS
10
93.6718120000000027
20
-137.958943000000005
11
93.7813309999999944
21
-137.9346679999999878
0
LINE
8
F.Cu
6
CONTINUOUS
10
93.7813309999999944
20
-137.9346679999999878
11
93.7894629999999978
21
-137.9312999999999931
0
LINE
8
F.Cu
6
CONTINUOUS
10
93.7894629999999978
20
-137.9312999999999931
11
93.8023740000000004
21
-137.9256189999999833
0
LINE
8
F.Cu
6
CONTINUOUS
10
93.8023740000000004
20
-137.9256189999999833
11
93.8942629999999951
21
-137.8612770000000012
0
LINE
8
F.Cu
6
CONTINUOUS
10
93.8942629999999951
20
-137.8612770000000012
11
94.8845839999999896
21
-136.8709549999999808
0
LINE
8
F.Cu
6
CONTINUOUS
10
94.8845839999999896
20
-136.8709549999999808
11
94.933171999999999
21
-136.8482979999999998
0
LINE
8
F.Cu
6
CONTINUOUS
10
94.933171999999999
20
-136.8482979999999998
11
94.9400029999999902
21
-136.8479999999999848
0
LINE
8
F.Cu
6
CONTINUOUS
10
94.9400029999999902
20
-136.8479999999999848
11
95.7083719999999971
21
-136.8479999999999848
0
LINE
8
F.Cu
6
CONTINUOUS
10
95.7083719999999971
20
-136.8479999999999848
11
95.758749999999992
21
-136.8663359999999898
0
LINE
8
F.Cu
6
CONTINUOUS
10
95.758749999999992
20
-136.8663359999999898
11
95.7829109999999986
21
-136.9021559999999909
0
LINE
8
F.Cu
6
CONTINUOUS
10
95.7829109999999986
20
-136.9021559999999909
11
95.8188299999999913
21
-137.0127029999999877
0
LINE
8
F.Cu
6
CONTINUOUS
10
95.8188299999999913
20
-137.0127029999999877
11
95.9096139999999906
21
-137.1908750000000055
0
LINE
8
F.Cu
6
CONTINUOUS
10
95.9096139999999906
20
-137.1908750000000055
11
95.9096179999999947
21
-137.1908809999999903
0
LINE
8
F.Cu
6
CONTINUOUS
10
95.9096179999999947
20
-137.1908809999999903
11
95.9096210000000013
21
-137.1908870000000036
0
LINE
8
F.Cu
6
CONTINUOUS
10
95.9096210000000013
20
-137.1908870000000036
11
95.9748839999999888
21
-137.280713999999989
0
LINE
8
F.Cu
6
CONTINUOUS
10
95.9748839999999888
20
-137.280713999999989
11
96.0271639999999991
21
-137.3526719999999841
0
LINE
8
F.Cu
6
CONTINUOUS
10
96.0271639999999991
20
-137.3526719999999841
11
96.0271819999999963
21
-137.3526919999999905
0
LINE
8
F.Cu
6
CONTINUOUS
10
96.0271819999999963
20
-137.3526919999999905
11
96.1685599999999994
21
-137.4940699999999936
0
LINE
8
F.Cu
6
CONTINUOUS
10
96.1685599999999994
20
-137.4940699999999936
11
96.1685669999999959
21
-137.4940760000000068
0
LINE
8
F.Cu
6
CONTINUOUS
10
96.1685669999999959
20
-137.4940760000000068
11
96.1685739999999925
21
-137.4940819999999917
0
LINE
8
F.Cu
6
CONTINUOUS
10
96.1685739999999925
20
-137.4940819999999917
11
96.1685749999999899
21
-137.4940829999999892
0
LINE
8
F.Cu
6
CONTINUOUS
10
96.1685749999999899
20
-137.4940829999999892
11
96.3303629999999913
21
-137.6116289999999935
0
LINE
8
F.Cu
6
CONTINUOUS
10
96.3303629999999913
20
-137.6116289999999935
11
96.3303700000000021
21
-137.6116329999999834
0
LINE
8
F.Cu
6
CONTINUOUS
10
96.3303700000000021
20
-137.6116329999999834
11
96.330373999999992
21
-137.6116350000000068
0
LINE
8
F.Cu
6
CONTINUOUS
10
96.330373999999992
20
-137.6116350000000068
11
96.3304009999999948
21
-137.6116499999999974
0
LINE
8
F.Cu
6
CONTINUOUS
10
96.3304009999999948
20
-137.6116499999999974
11
96.3305649999999929
21
-137.6117329999999868
0
LINE
8
F.Cu
6
CONTINUOUS
10
96.3305649999999929
20
-137.6117329999999868
11
96.5085380000000015
21
-137.7024159999999995
0
LINE
8
F.Cu
6
CONTINUOUS
10
96.5085380000000015
20
-137.7024159999999995
11
96.5085399999999964
21
-137.702416999999997
0
LINE
8
F.Cu
6
CONTINUOUS
10
96.5085399999999964
20
-137.702416999999997
11
96.508544999999998
21
-137.7024179999999944
0
LINE
8
F.Cu
6
CONTINUOUS
10
96.508544999999998
20
-137.7024179999999944
11
96.5085459999999955
21
-137.7024189999999919
0
LINE
8
F.Cu
6
CONTINUOUS
10
96.5085459999999955
20
-137.7024189999999919
11
96.6987349999999992
21
-137.7642150000000072
0
LINE
8
F.Cu
6
CONTINUOUS
10
96.6987349999999992
20
-137.7642150000000072
11
96.6987379999999916
21
-137.7642160000000047
0
LINE
8
F.Cu
6
CONTINUOUS
10
96.6987379999999916
20
-137.7642160000000047
11
96.8962509999999924
21
-137.7954990000000066
0
LINE
8
F.Cu
6
CONTINUOUS
10
96.8962509999999924
20
-137.7954990000000066
11
96.896253999999999
21
-137.7954990000000066
0
LINE
8
F.Cu
6
CONTINUOUS
10
96.896253999999999
20
-137.7954990000000066
11
96.8962590000000006
21
-137.7955000000000041
0
LINE
8
F.Cu
6
CONTINUOUS
10
96.8962590000000006
20
-137.7955000000000041
11
96.896261999999993
21
-137.7955000000000041
0
LINE
8
F.Cu
6
CONTINUOUS
10
96.896261999999993
20
-137.7955000000000041
11
97.0962379999999996
21
-137.7955000000000041
0
LINE
8
F.Cu
6
CONTINUOUS
10
97.0962379999999996
20
-137.7955000000000041
11
97.096240999999992
21
-137.7955000000000041
0
LINE
8
F.Cu
6
CONTINUOUS
10
97.096240999999992
20
-137.7955000000000041
11
97.0962459999999936
21
-137.7954990000000066
0
LINE
8
F.Cu
6
CONTINUOUS
10
97.0962459999999936
20
-137.7954990000000066
11
97.0962479999999886
21
-137.7954990000000066
0
LINE
8
F.Cu
6
CONTINUOUS
10
97.0962479999999886
20
-137.7954990000000066
11
97.1949999999999932
21
-137.7798579999999902
0
LINE
8
F.Cu
6
CONTINUOUS
10
97.1949999999999932
20
-137.7798579999999902
11
97.2937599999999918
21
-137.7642160000000047
0
LINE
8
F.Cu
6
CONTINUOUS
10
97.2937599999999918
20
-137.7642160000000047
11
97.293762000000001
21
-137.7642150000000072
0
LINE
8
F.Cu
6
CONTINUOUS
10
97.293762000000001
20
-137.7642150000000072
11
97.2937639999999959
21
-137.7642150000000072
0
LINE
8
F.Cu
6
CONTINUOUS
10
97.2937639999999959
20
-137.7642150000000072
11
97.2940229999999957
21
-137.7641309999999919
0
LINE
8
F.Cu
6
CONTINUOUS
10
97.2940229999999957
20
-137.7641309999999919
11
97.2990819999999985
21
-137.7625079999999969
0
LINE
8
F.Cu
6
CONTINUOUS
10
97.2990819999999985
20
-137.7625079999999969
11
97.299326999999991
21
-137.7624069999999961
0
LINE
8
F.Cu
6
CONTINUOUS
10
97.299326999999991
20
-137.7624069999999961
11
97.4839529999999996
21
-137.7024189999999919
0
LINE
8
F.Cu
6
CONTINUOUS
10
97.4839529999999996
20
-137.7024189999999919
11
97.4839589999999987
21
-137.7024159999999995
0
LINE
8
F.Cu
6
CONTINUOUS
10
97.4839589999999987
20
-137.7024159999999995
11
97.4839599999999962
21
-137.7024159999999995
0
LINE
8
F.Cu
6
CONTINUOUS
10
97.4839599999999962
20
-137.7024159999999995
11
97.5568269999999984
21
-137.6652870000000064
0
LINE
8
F.Cu
6
CONTINUOUS
10
97.5568269999999984
20
-137.6652870000000064
11
97.662124999999989
21
-137.6116350000000068
0
LINE
8
F.Cu
6
CONTINUOUS
10
97.662124999999989
20
-137.6116350000000068
11
97.6621239999999915
21
-137.6116350000000068
0
LINE
8
F.Cu
6
CONTINUOUS
10
97.6621239999999915
20
-137.6116350000000068
11
97.6621370000000013
21
-137.6116289999999935
0
LINE
8
F.Cu
6
CONTINUOUS
10
97.6621370000000013
20
-137.6116289999999935
11
97.6621419999999887
21
-137.6116250000000036
0
LINE
8
F.Cu
6
CONTINUOUS
10
97.6621419999999887
20
-137.6116250000000036
11
97.6641889999999933
21
-137.6105819999999937
0
LINE
8
F.Cu
6
CONTINUOUS
10
97.6641889999999933
20
-137.6105819999999937
11
97.6642030000000005
21
-137.610574999999983
0
LINE
8
F.Cu
6
CONTINUOUS
10
97.6642030000000005
20
-137.610574999999983
11
97.6908090000000016
21
-137.5970179999999914
0
LINE
8
F.Cu
6
CONTINUOUS
10
97.6908090000000016
20
-137.5970179999999914
11
97.7044909999999902
21
-137.5808559999999829
0
LINE
8
F.Cu
6
CONTINUOUS
10
97.7044909999999902
20
-137.5808559999999829
11
97.8239249999999885
21
-137.4940829999999892
0
LINE
8
F.Cu
6
CONTINUOUS
10
97.8239249999999885
20
-137.4940829999999892
11
97.9653330000000011
21
-137.352675000000005
0
LINE
8
F.Cu
6
CONTINUOUS
10
97.9653330000000011
20
-137.352675000000005
11
98.0828789999999913
21
-137.1908870000000036
0
LINE
8
F.Cu
6
CONTINUOUS
10
98.0828789999999913
20
-137.1908870000000036
11
98.098126999999991
21
-137.1609599999999887
0
LINE
8
F.Cu
6
CONTINUOUS
10
98.098126999999991
20
-137.1609599999999887
11
98.1736659999999972
21
-137.0127099999999984
0
LINE
8
F.Cu
6
CONTINUOUS
10
98.1736659999999972
20
-137.0127099999999984
11
98.1736669999999947
21
-137.012707000000006
0
LINE
8
F.Cu
6
CONTINUOUS
10
98.1736669999999947
20
-137.012707000000006
11
98.1736669999999947
21
-137.0127059999999801
0
LINE
8
F.Cu
6
CONTINUOUS
10
98.1736669999999947
20
-137.0127059999999801
11
98.1736689999999896
21
-137.0127029999999877
0
LINE
8
F.Cu
6
CONTINUOUS
10
98.1736689999999896
20
-137.0127029999999877
11
98.2354649999999907
21
-136.822513999999984
0
LINE
8
F.Cu
6
CONTINUOUS
10
98.2354649999999907
20
-136.822513999999984
11
98.2528679999999923
21
-136.7126399999999933
0
LINE
8
F.Cu
6
CONTINUOUS
10
98.2528679999999923
20
-136.7126399999999933
11
98.2667500000000018
21
-136.6249909999999943
0
LINE
8
F.Cu
6
CONTINUOUS
10
98.2667500000000018
20
-136.6249909999999943
11
98.2667500000000018
21
-136.4250089999999886
0
LINE
8
F.Cu
6
CONTINUOUS
10
98.2667500000000018
20
-136.4250089999999886
11
98.2354660000000024
21
-136.2274899999999889
0
LINE
8
F.Cu
6
CONTINUOUS
10
98.2354660000000024
20
-136.2274899999999889
11
98.2354649999999907
21
-136.2274879999999939
0
LINE
8
F.Cu
6
CONTINUOUS
10
98.2354649999999907
20
-136.2274879999999939
11
98.2354649999999907
21
-136.2274850000000015
0
LINE
8
F.Cu
6
CONTINUOUS
10
98.2354649999999907
20
-136.2274850000000015
11
98.2353809999999896
21
-136.2272260000000017
0
LINE
8
F.Cu
6
CONTINUOUS
10
98.2353809999999896
20
-136.2272260000000017
11
98.2337550000000022
21
-136.2221600000000024
0
LINE
8
F.Cu
6
CONTINUOUS
10
98.2337550000000022
20
-136.2221600000000024
11
98.2336559999999963
21
-136.2219189999999855
0
LINE
8
F.Cu
6
CONTINUOUS
10
98.2336559999999963
20
-136.2219189999999855
11
98.1736689999999896
21
-136.0372959999999978
0
LINE
8
F.Cu
6
CONTINUOUS
10
98.1736689999999896
20
-136.0372959999999978
11
98.1736679999999922
21
-136.0372950000000003
0
LINE
8
F.Cu
6
CONTINUOUS
10
98.1736679999999922
20
-136.0372950000000003
11
98.1736669999999947
21
-136.0372899999999845
0
LINE
8
F.Cu
6
CONTINUOUS
10
98.1736669999999947
20
-136.0372899999999845
11
98.1736659999999972
21
-136.0372879999999896
0
LINE
8
F.Cu
6
CONTINUOUS
10
98.1736659999999972
20
-136.0372879999999896
11
98.0829829999999987
21
-135.859314999999981
0
LINE
8
F.Cu
6
CONTINUOUS
10
98.0829829999999987
20
-135.859314999999981
11
98.0828999999999951
21
-135.8591509999999971
0
LINE
8
F.Cu
6
CONTINUOUS
10
98.0828999999999951
20
-135.8591509999999971
11
98.0828849999999903
21
-135.85912399999998
0
LINE
8
F.Cu
6
CONTINUOUS
10
98.0828849999999903
20
-135.85912399999998
11
98.0828819999999979
21
-135.8591189999999926
0
LINE
8
F.Cu
6
CONTINUOUS
10
98.0828819999999979
20
-135.8591189999999926
11
98.0828789999999913
21
-135.8591130000000078
0
LINE
8
F.Cu
6
CONTINUOUS
10
98.0828789999999913
20
-135.8591130000000078
11
97.9653330000000011
21
-135.6973250000000064
0
LINE
8
F.Cu
6
CONTINUOUS
10
97.9653330000000011
20
-135.6973250000000064
11
97.9653319999999894
21
-135.6973239999999805
0
LINE
8
F.Cu
6
CONTINUOUS
10
97.9653319999999894
20
-135.6973239999999805
11
97.9653259999999904
21
-135.6973169999999982
0
LINE
8
F.Cu
6
CONTINUOUS
10
97.9653259999999904
20
-135.6973169999999982
11
97.9653199999999913
21
-135.6973099999999874
0
LINE
8
F.Cu
6
CONTINUOUS
10
97.9653199999999913
20
-135.6973099999999874
11
97.8239420000000024
21
-135.5559319999999843
0
LINE
8
F.Cu
6
CONTINUOUS
10
97.8239420000000024
20
-135.5559319999999843
11
97.823921999999996
21
-135.5559140000000014
0
LINE
8
F.Cu
6
CONTINUOUS
10
97.823921999999996
20
-135.5559140000000014
11
97.7954599999999914
21
-135.5352359999999976
0
LINE
8
F.Cu
6
CONTINUOUS
10
97.7954599999999914
20
-135.5352359999999976
11
97.7954599999999914
21
-135.5352350000000001
0
LINE
8
F.Cu
6
CONTINUOUS
10
97.7954599999999914
20
-135.5352350000000001
11
97.6621430000000004
21
-135.4383750000000077
0
LINE
8
F.Cu
6
CONTINUOUS
10
97.6621430000000004
20
-135.4383750000000077
11
97.6621399999999937
21
-135.4383729999999844
0
LINE
8
F.Cu
6
CONTINUOUS
10
97.6621399999999937
20
-135.4383729999999844
11
97.6621370000000013
21
-135.4383709999999894
0
LINE
8
F.Cu
6
CONTINUOUS
10
97.6621370000000013
20
-135.4383709999999894
11
97.6621310000000022
21
-135.438367999999997
0
LINE
8
F.Cu
6
CONTINUOUS
10
97.6621310000000022
20
-135.438367999999997
11
97.662124999999989
21
-135.4383640000000071
0
LINE
8
F.Cu
6
CONTINUOUS
10
97.662124999999989
20
-135.4383640000000071
11
97.6621239999999915
21
-135.4383629999999812
0
LINE
8
F.Cu
6
CONTINUOUS
10
97.6621239999999915
20
-135.4383629999999812
11
97.6621099999999984
21
-135.4383550000000014
0
LINE
8
F.Cu
6
CONTINUOUS
10
97.6621099999999984
20
-135.4383550000000014
11
97.6620119999999901
21
-135.438305999999983
0
LINE
8
F.Cu
6
CONTINUOUS
10
97.6620119999999901
20
-135.438305999999983
11
97.4839529999999996
21
-135.3475799999999936
0
LINE
8
F.Cu
6
CONTINUOUS
10
97.4839529999999996
20
-135.3475799999999936
11
97.2937689999999975
21
-135.2857850000000042
0
LINE
8
F.Cu
6
CONTINUOUS
10
97.2937689999999975
20
-135.2857850000000042
11
97.2937649999999934
21
-135.2857840000000067
0
LINE
8
F.Cu
6
CONTINUOUS
10
97.2937649999999934
20
-135.2857840000000067
11
97.2937639999999959
21
-135.2857840000000067
0
LINE
8
F.Cu
6
CONTINUOUS
10
97.2937639999999959
20
-135.2857840000000067
11
97.2411460000000005
21
-135.2774499999999875
0
LINE
8
F.Cu
6
CONTINUOUS
10
97.2411460000000005
20
-135.2774499999999875
11
97.0962509999999952
21
-135.2545000000000073
0
LINE
8
F.Cu
6
CONTINUOUS
10
97.0962509999999952
20
-135.2545000000000073
11
97.0962459999999936
21
-135.2545000000000073
0
LINE
8
F.Cu
6
CONTINUOUS
10
97.0962459999999936
20
-135.2545000000000073
11
97.096240999999992
21
-135.2545000000000073
0
LINE
8
F.Cu
6
CONTINUOUS
10
97.096240999999992
20
-135.2545000000000073
11
97.01996299999999
21
-135.2545000000000073
0
LINE
8
F.Cu
6
CONTINUOUS
10
97.01996299999999
20
-135.2545000000000073
11
97.0063519999999926
21
-135.2533090000000016
0
LINE
8
F.Cu
6
CONTINUOUS
10
97.0063519999999926
20
-135.2533090000000016
11
96.9847529999999978
21
-135.2494999999999834
0
LINE
8
F.Cu
6
CONTINUOUS
10
96.9847529999999978
20
-135.2494999999999834
11
96.9847499999999911
21
-135.2494999999999834
0
LINE
8
F.Cu
6
CONTINUOUS
10
96.9847499999999911
20
-135.2494999999999834
11
93.991500000000002
21
-135.2494999999999834
0
LINE
8
F.Cu
6
CONTINUOUS
10
93.991500000000002
20
-135.2494999999999834
11
93.9914859999999948
21
-135.2494999999999834
0
LINE
8
F.Cu
6
CONTINUOUS
10
93.9914859999999948
20
-135.2494999999999834
11
93.9774230000000017
21
-135.2498070000000041
0
LINE
8
F.Cu
6
CONTINUOUS
10
93.9774230000000017
20
-135.2498070000000041
11
93.9653459999999967
21
-135.2524839999999813
0
LINE
8
F.Cu
6
CONTINUOUS
10
93.9653459999999967
20
-135.2524839999999813
11
93.9562509999999946
21
-135.2545000000000073
0
LINE
8
F.Cu
6
CONTINUOUS
10
93.9562509999999946
20
-135.2545000000000073
11
93.9427359999999965
21
-135.2545000000000073
0
LINE
8
F.Cu
6
CONTINUOUS
10
93.9427359999999965
20
-135.2545000000000073
11
93.8964259999999911
21
-135.26059699999999
0
LINE
8
F.Cu
6
CONTINUOUS
10
93.8964259999999911
20
-135.26059699999999
11
93.8643479999999926
21
-135.2755549999999971
0
LINE
8
F.Cu
6
CONTINUOUS
10
93.8643479999999926
20
-135.2755549999999971
11
93.8597729999999899
21
-135.2774499999999875
0
LINE
8
F.Cu
6
CONTINUOUS
10
93.8597729999999899
20
-135.2774499999999875
11
93.8577119999999923
21
-135.278410000000008
0
LINE
8
F.Cu
6
CONTINUOUS
10
93.8577119999999923
20
-135.278410000000008
11
93.8577119999999923
21
-135.2784110000000055
0
LINE
8
F.Cu
6
CONTINUOUS
10
93.8577119999999923
20
-135.2784110000000055
11
93.8321299999999923
21
-135.2903399999999863
0
LINE
8
F.Cu
6
CONTINUOUS
10
93.8321299999999923
20
-135.2903399999999863
11
93.8286469999999895
21
-135.2922020000000032
0
LINE
8
F.Cu
6
CONTINUOUS
10
93.8286469999999895
20
-135.2922020000000032
11
93.794786000000002
21
-135.3079919999999845
0
LINE
8
F.Cu
6
CONTINUOUS
10
93.794786000000002
20
-135.3079919999999845
11
93.7947779999999938
21
-135.3079979999999978
0
LINE
8
F.Cu
6
CONTINUOUS
10
93.7947779999999938
20
-135.3079979999999978
11
93.7154179999999997
21
-135.3873580000000061
0
LINE
8
F.Cu
6
CONTINUOUS
10
93.7154179999999997
20
-135.3873580000000061
11
93.7147659999999973
21
-135.3888409999999851
0
LINE
8
F.Cu
6
CONTINUOUS
10
93.7147659999999973
20
-135.3888409999999851
11
93.6879619999999989
21
-135.4463230000000067
0
LINE
8
F.Cu
6
CONTINUOUS
10
93.6879619999999989
20
-135.4463230000000067
11
93.6864580000000018
21
-135.4493740000000059
0
LINE
8
F.Cu
6
CONTINUOUS
10
93.6864580000000018
20
-135.4493740000000059
11
93.6849509999999981
21
-135.4522699999999986
0
LINE
8
F.Cu
6
CONTINUOUS
10
93.6849509999999981
20
-135.4522699999999986
11
93.6836969999999951
21
-135.4552960000000041
0
LINE
8
F.Cu
6
CONTINUOUS
10
93.6836969999999951
20
-135.4552960000000041
11
93.6823279999999983
21
-135.4584049999999991
0
LINE
8
F.Cu
6
CONTINUOUS
10
93.6823279999999983
20
-135.4584049999999991
11
93.6680969999999888
21
-135.4889249999999947
0
LINE
8
F.Cu
6
CONTINUOUS
10
93.6680969999999888
20
-135.4889249999999947
11
93.6680969999999888
21
-135.4889259999999922
0
LINE
8
F.Cu
6
CONTINUOUS
10
93.6680969999999888
20
-135.4889259999999922
11
93.6619999999999919
21
-135.5352359999999976
0
LINE
8
F.Cu
6
CONTINUOUS
10
93.6619999999999919
20
-135.5352359999999976
11
93.6619999999999919
21
-135.535240999999985
0
LINE
8
F.Cu
6
CONTINUOUS
10
93.6619999999999919
20
-135.535240999999985
11
93.6619999999999919
21
-135.5487870000000044
0
LINE
8
F.Cu
6
CONTINUOUS
10
93.6619999999999919
20
-135.5487870000000044
11
93.6608090000000004
21
-135.5623980000000017
0
LINE
8
F.Cu
6
CONTINUOUS
10
93.6608090000000004
20
-135.5623980000000017
11
93.6569999999999965
21
-135.5839969999999823
0
LINE
8
F.Cu
6
CONTINUOUS
10
93.6569999999999965
20
-135.5839969999999823
11
93.6569999999999965
21
-136.1999969999999962
0
LINE
8
F.Cu
6
CONTINUOUS
10
93.6569999999999965
20
-136.1999969999999962
11
93.6386639999999915
21
-136.2503749999999911
0
LINE
8
F.Cu
6
CONTINUOUS
10
93.6386639999999915
20
-136.2503749999999911
11
93.6340439999999887
21
-136.2554159999999968
0
LINE
8
F.Cu
6
CONTINUOUS
10
93.6340439999999887
20
-136.2554159999999968
11
93.2341660000000019
21
-136.6552939999999978
0
LINE
8
F.Cu
6
CONTINUOUS
10
93.2341660000000019
20
-136.6552939999999978
11
93.1855779999999925
21
-136.6779520000000048
0
LINE
8
F.Cu
6
CONTINUOUS
10
93.1855779999999925
20
-136.6779520000000048
11
93.1787470000000013
21
-136.6782499999999914
0
LINE
8
F.Cu
6
CONTINUOUS
10
93.1787470000000013
20
-136.6782499999999914
11
90.3362529999999992
21
-136.6782499999999914
0
LINE
8
F.Cu
6
CONTINUOUS
10
90.3362529999999992
20
-136.6782499999999914
11
90.2858749999999901
21
-136.6599139999999863
0
LINE
8
F.Cu
6
CONTINUOUS
10
90.2858749999999901
20
-136.6599139999999863
11
90.2808339999999987
21
-136.6552939999999978
0
LINE
8
F.Cu
6
CONTINUOUS
10
90.2808339999999987
20
-136.6552939999999978
11
89.8809559999999976
21
-136.2554159999999968
0
LINE
8
F.Cu
6
CONTINUOUS
10
89.8809559999999976
20
-136.2554159999999968
11
89.8582979999999907
21
-136.2068280000000016
0
LINE
8
F.Cu
6
CONTINUOUS
10
89.8582979999999907
20
-136.2068280000000016
11
89.8579999999999899
21
-136.1999969999999962
0
LINE
8
F.Cu
6
CONTINUOUS
10
89.8579999999999899
20
-136.1999969999999962
11
89.8579999999999899
21
-135.5839849999999842
0
LINE
8
F.Cu
6
CONTINUOUS
10
89.8579999999999899
20
-135.5839849999999842
11
89.8579220000000021
21
-135.580459999999988
0
LINE
8
F.Cu
6
CONTINUOUS
10
89.8579220000000021
20
-135.580459999999988
11
89.8576929999999976
21
-135.5699239999999861
0
LINE
8
F.Cu
6
CONTINUOUS
10
89.8576929999999976
20
-135.5699239999999861
11
89.8529999999999944
21
-135.5487509999999816
0
LINE
8
F.Cu
6
CONTINUOUS
10
89.8529999999999944
20
-135.5487509999999816
11
89.8529999999999944
21
-135.5352359999999976
0
LINE
8
F.Cu
6
CONTINUOUS
10
89.8529999999999944
20
-135.5352359999999976
11
89.8469029999999975
21
-135.4889259999999922
0
LINE
8
F.Cu
6
CONTINUOUS
10
89.8469029999999975
20
-135.4889259999999922
11
89.8319439999999929
21
-135.456846999999982
0
LINE
8
F.Cu
6
CONTINUOUS
10
89.8319439999999929
20
-135.456846999999982
11
89.83005
21
-135.452272999999991
0
LINE
8
F.Cu
6
CONTINUOUS
10
89.83005
20
-135.452272999999991
11
89.8286980000000028
21
-135.4493740000000059
0
LINE
8
F.Cu
6
CONTINUOUS
10
89.8286980000000028
20
-135.4493740000000059
11
89.8171549999999996
21
-135.4246219999999994
0
LINE
8
F.Cu
6
CONTINUOUS
10
89.8171549999999996
20
-135.4246219999999994
11
89.8152979999999985
21
-135.421149999999983
0
LINE
8
F.Cu
6
CONTINUOUS
10
89.8152979999999985
20
-135.421149999999983
11
89.7995090000000005
21
-135.3872889999999813
0
LINE
8
F.Cu
6
CONTINUOUS
10
89.7995090000000005
20
-135.3872889999999813
11
89.7995069999999913
21
-135.3872869999999864
0
LINE
8
F.Cu
6
CONTINUOUS
10
89.7995069999999913
20
-135.3872869999999864
11
89.7995059999999938
21
-135.3872849999999914
0
LINE
8
F.Cu
6
CONTINUOUS
10
89.7995059999999938
20
-135.3872849999999914
11
89.7995049999999964
21
-135.387283999999994
0
LINE
8
F.Cu
6
CONTINUOUS
10
89.7995049999999964
20
-135.387283999999994
11
89.7995039999999989
21
-135.387281999999999
0
LINE
8
F.Cu
6
CONTINUOUS
10
89.7995039999999989
20
-135.387281999999999
11
89.7202149999999961
21
-135.307992999999982
0
LINE
8
F.Cu
6
CONTINUOUS
10
89.7202149999999961
20
-135.307992999999982
11
89.6611630000000019
21
-135.2804559999999867
0
LINE
8
F.Cu
6
CONTINUOUS
10
89.6611630000000019
20
-135.2804559999999867
11
89.6611630000000019
21
-135.2804549999999892
0
LINE
8
F.Cu
6
CONTINUOUS
10
89.6611630000000019
20
-135.2804549999999892
11
89.6566159999999996
21
-135.2783349999999984
0
LINE
8
F.Cu
6
CONTINUOUS
10
89.6566159999999996
20
-135.2783349999999984
11
89.6552269999999965
21
-135.2774499999999875
0
LINE
8
F.Cu
6
CONTINUOUS
10
89.6552269999999965
20
-135.2774499999999875
11
89.6506660000000011
21
-135.275560999999982
0
LINE
8
F.Cu
6
CONTINUOUS
10
89.6506660000000011
20
-135.275560999999982
11
89.6491029999999967
21
-135.2748320000000035
0
LINE
8
F.Cu
6
CONTINUOUS
10
89.6491029999999967
20
-135.2748320000000035
11
89.6491019999999992
21
-135.274831000000006
0
LINE
8
F.Cu
6
CONTINUOUS
10
89.6491019999999992
20
-135.274831000000006
11
89.6185759999999902
21
-135.26059699999999
0
LINE
8
F.Cu
6
CONTINUOUS
10
89.6185759999999902
20
-135.26059699999999
11
89.6069959999999952
21
-135.2590720000000033
0
LINE
8
F.Cu
6
CONTINUOUS
10
89.6069959999999952
20
-135.2590720000000033
11
89.5722639999999899
21
-135.2545000000000073
0
LINE
8
F.Cu
6
CONTINUOUS
10
89.5722639999999899
20
-135.2545000000000073
11
89.5722579999999908
21
-135.2545000000000073
0
LINE
8
F.Cu
6
CONTINUOUS
10
89.5722579999999908
20
-135.2545000000000073
11
89.5587129999999974
21
-135.2545000000000073
0
LINE
8
F.Cu
6
CONTINUOUS
10
89.5587129999999974
20
-135.2545000000000073
11
89.545102
21
-135.2533090000000016
0
LINE
8
F.Cu
6
CONTINUOUS
10
89.545102
20
-135.2533090000000016
11
89.5235029999999909
21
-135.2494999999999834
0
LINE
8
F.Cu
6
CONTINUOUS
10
89.5235029999999909
20
-135.2494999999999834
11
89.5234999999999985
21
-135.2494999999999834
0
LINE
8
F.Cu
6
CONTINUOUS
10
89.5234999999999985
20
-135.2494999999999834
11
86.1263749999999959
21
-135.2494999999999834
0
LINE
8
F.Cu
6
CONTINUOUS
10
86.1263749999999959
20
-135.2494999999999834
11
86.075997000000001
21
-135.2311640000000068
0
LINE
8
F.Cu
6
CONTINUOUS
10
86.075997000000001
20
-135.2311640000000068
11
86.0491909999999933
21
-135.1847349999999892
0
LINE
8
F.Cu
6
CONTINUOUS
10
86.0491909999999933
20
-135.1847349999999892
11
86.0480000000000018
21
-135.1711249999999893
0
LINE
8
F.Cu
6
CONTINUOUS
10
86.0480000000000018
20
-135.1711249999999893
11
86.0480000000000018
21
-133.9964850000000069
0
LINE
8
F.Cu
6
CONTINUOUS
10
86.0480000000000018
20
-133.9964850000000069
11
86.0479219999999998
21
-133.9929599999999823
0
LINE
8
F.Cu
6
CONTINUOUS
10
86.0479219999999998
20
-133.9929599999999823
11
86.0476929999999953
21
-133.9824239999999804
0
LINE
8
F.Cu
6
CONTINUOUS
10
86.0476929999999953
20
-133.9824239999999804
11
86.0429999999999922
21
-133.9612510000000043
0
LINE
8
F.Cu
6
CONTINUOUS
10
86.0429999999999922
20
-133.9612510000000043
11
86.0429999999999922
21
-133.9477420000000052
0
LINE
8
F.Cu
6
CONTINUOUS
10
86.0429999999999922
20
-133.9477420000000052
11
86.0429999999999922
21
-133.9477359999999919
0
LINE
8
F.Cu
6
CONTINUOUS
10
86.0429999999999922
20
-133.9477359999999919
11
86.0369029999999952
21
-133.9014259999999865
0
LINE
8
F.Cu
6
CONTINUOUS
10
86.0369029999999952
20
-133.9014259999999865
11
86.0219439999999906
21
-133.8693470000000048
0
LINE
8
F.Cu
6
CONTINUOUS
10
86.0219439999999906
20
-133.8693470000000048
11
86.0200499999999977
21
-133.8647729999999854
0
LINE
8
F.Cu
6
CONTINUOUS
10
86.0200499999999977
20
-133.8647729999999854
11
86.0186980000000005
21
-133.8618740000000003
0
LINE
8
F.Cu
6
CONTINUOUS
10
86.0186980000000005
20
-133.8618740000000003
11
86.0071549999999974
21
-133.8371219999999937
0
LINE
8
F.Cu
6
CONTINUOUS
10
86.0071549999999974
20
-133.8371219999999937
11
86.0052979999999963
21
-133.8336500000000058
0
LINE
8
F.Cu
6
CONTINUOUS
10
86.0052979999999963
20
-133.8336500000000058
11
85.9895089999999982
21
-133.7997890000000041
0
LINE
8
F.Cu
6
CONTINUOUS
10
85.9895089999999982
20
-133.7997890000000041
11
85.989506999999989
21
-133.7997869999999807
0
LINE
8
F.Cu
6
CONTINUOUS
10
85.989506999999989
20
-133.7997869999999807
11
85.9895059999999916
21
-133.7997849999999858
0
LINE
8
F.Cu
6
CONTINUOUS
10
85.9895059999999916
20
-133.7997849999999858
11
85.9895049999999941
21
-133.7997839999999883
0
LINE
8
F.Cu
6
CONTINUOUS
10
85.9895049999999941
20
-133.7997839999999883
11
85.9895039999999966
21
-133.7997819999999933
0
LINE
8
F.Cu
6
CONTINUOUS
10
85.9895039999999966
20
-133.7997819999999933
11
85.9102149999999938
21
-133.7204930000000047
0
LINE
8
F.Cu
6
CONTINUOUS
10
85.9102149999999938
20
-133.7204930000000047
11
85.8511629999999997
21
-133.692955999999981
0
LINE
8
F.Cu
6
CONTINUOUS
10
85.8511629999999997
20
-133.692955999999981
11
85.8511629999999997
21
-133.6929549999999836
0
LINE
8
F.Cu
6
CONTINUOUS
10
85.8511629999999997
20
-133.6929549999999836
11
85.8466159999999974
21
-133.6908349999999928
0
LINE
8
F.Cu
6
CONTINUOUS
10
85.8466159999999974
20
-133.6908349999999928
11
85.8452269999999942
21
-133.6899499999999819
0
LINE
8
F.Cu
6
CONTINUOUS
10
85.8452269999999942
20
-133.6899499999999819
11
85.8406659999999988
21
-133.6880610000000047
0
LINE
8
F.Cu
6
CONTINUOUS
10
85.8406659999999988
20
-133.6880610000000047
11
85.8391029999999944
21
-133.6873319999999978
0
LINE
8
F.Cu
6
CONTINUOUS
10
85.8391029999999944
20
-133.6873319999999978
11
85.8391019999999969
21
-133.6873310000000004
0
LINE
8
F.Cu
6
CONTINUOUS
10
85.8391019999999969
20
-133.6873310000000004
11
85.8085760000000022
21
-133.6730969999999843
0
LINE
8
F.Cu
6
CONTINUOUS
10
85.8085760000000022
20
-133.6730969999999843
11
85.7969959999999929
21
-133.6715719999999976
0
LINE
8
F.Cu
6
CONTINUOUS
10
85.7969959999999929
20
-133.6715719999999976
11
85.7622640000000018
21
-133.6670000000000016
0
LINE
8
F.Cu
6
CONTINUOUS
10
85.7622640000000018
20
-133.6670000000000016
11
85.7622580000000028
21
-133.6670000000000016
0
LINE
8
F.Cu
6
CONTINUOUS
10
85.7622580000000028
20
-133.6670000000000016
11
85.7487129999999951
21
-133.6670000000000016
0
LINE
8
F.Cu
6
CONTINUOUS
10
85.7487129999999951
20
-133.6670000000000016
11
85.7351019999999977
21
-133.6658089999999959
0
LINE
8
F.Cu
6
CONTINUOUS
10
85.7351019999999977
20
-133.6658089999999959
11
85.7135030000000029
21
-133.6620000000000061
0
LINE
8
F.Cu
6
CONTINUOUS
10
85.7135030000000029
20
-133.6620000000000061
11
85.7134999999999962
21
-133.6620000000000061
0
LINE
8
F.Cu
6
CONTINUOUS
10
85.7134999999999962
20
-133.6620000000000061
11
83.1965000000000003
21
-133.6620000000000061
0
LINE
8
F.Cu
6
CONTINUOUS
10
83.1965000000000003
20
-133.6620000000000061
11
83.1964859999999931
21
-133.6620000000000061
0
LINE
8
F.Cu
6
CONTINUOUS
10
83.1964859999999931
20
-133.6620000000000061
11
83.182423
21
-133.6623069999999984
0
LINE
8
F.Cu
6
CONTINUOUS
10
83.182423
20
-133.6623069999999984
11
83.170345999999995
21
-133.664984000000004
0
LINE
8
F.Cu
6
CONTINUOUS
10
83.170345999999995
20
-133.664984000000004
11
83.1612509999999929
21
-133.6670000000000016
0
LINE
8
F.Cu
6
CONTINUOUS
10
83.1612509999999929
20
-133.6670000000000016
11
83.1477359999999948
21
-133.6670000000000016
0
LINE
8
F.Cu
6
CONTINUOUS
10
83.1477359999999948
20
-133.6670000000000016
11
83.1014259999999894
21
-133.6730969999999843
0
LINE
8
F.Cu
6
CONTINUOUS
10
83.1014259999999894
20
-133.6730969999999843
11
83.0693479999999909
21
-133.6880549999999914
0
LINE
8
F.Cu
6
CONTINUOUS
10
83.0693479999999909
20
-133.6880549999999914
11
83.0647730000000024
21
-133.6899499999999819
0
LINE
8
F.Cu
6
CONTINUOUS
10
83.0647730000000024
20
-133.6899499999999819
11
83.0627119999999906
21
-133.6909100000000024
0
LINE
8
F.Cu
6
CONTINUOUS
10
83.0627119999999906
20
-133.6909100000000024
11
83.0627119999999906
21
-133.6909109999999998
0
LINE
8
F.Cu
6
CONTINUOUS
10
83.0627119999999906
20
-133.6909109999999998
11
83.0371299999999906
21
-133.7028399999999806
0
LINE
8
F.Cu
6
CONTINUOUS
10
83.0371299999999906
20
-133.7028399999999806
11
83.033647000000002
21
-133.7047019999999975
0
LINE
8
F.Cu
6
CONTINUOUS
10
83.033647000000002
20
-133.7047019999999975
11
82.9997860000000003
21
-133.7204920000000072
0
LINE
8
F.Cu
6
CONTINUOUS
10
82.9997860000000003
20
-133.7204920000000072
11
82.9997779999999921
21
-133.7204979999999921
0
LINE
8
F.Cu
6
CONTINUOUS
10
82.9997779999999921
20
-133.7204979999999921
11
82.920417999999998
21
-133.7998580000000004
0
LINE
8
F.Cu
6
CONTINUOUS
10
82.920417999999998
20
-133.7998580000000004
11
82.9197659999999956
21
-133.8013410000000079
0
LINE
8
F.Cu
6
CONTINUOUS
10
82.9197659999999956
20
-133.8013410000000079
11
82.8929619999999971
21
-133.858823000000001
0
LINE
8
F.Cu
6
CONTINUOUS
10
82.8929619999999971
20
-133.858823000000001
11
82.8914580000000001
21
-133.8618740000000003
0
LINE
8
F.Cu
6
CONTINUOUS
10
82.8914580000000001
20
-133.8618740000000003
11
82.8899509999999964
21
-133.8647699999999929
0
LINE
8
F.Cu
6
CONTINUOUS
10
82.8899509999999964
20
-133.8647699999999929
11
82.8886969999999934
21
-133.8677959999999985
0
LINE
8
F.Cu
6
CONTINUOUS
10
82.8886969999999934
20
-133.8677959999999985
11
82.8873279999999966
21
-133.8709049999999934
0
LINE
8
F.Cu
6
CONTINUOUS
10
82.8873279999999966
20
-133.8709049999999934
11
82.8730970000000013
21
-133.901424999999989
0
LINE
8
F.Cu
6
CONTINUOUS
10
82.8730970000000013
20
-133.901424999999989
11
82.8730970000000013
21
-133.9014259999999865
0
LINE
8
F.Cu
6
CONTINUOUS
10
82.8730970000000013
20
-133.9014259999999865
11
82.8669999999999902
21
-133.9477359999999919
0
LINE
8
F.Cu
6
CONTINUOUS
10
82.8669999999999902
20
-133.9477359999999919
11
82.8669999999999902
21
-133.9477410000000077
0
LINE
8
F.Cu
6
CONTINUOUS
10
82.8669999999999902
20
-133.9477410000000077
11
82.8669999999999902
21
-133.9612869999999987
0
LINE
8
F.Cu
6
CONTINUOUS
10
82.8669999999999902
20
-133.9612869999999987
11
82.8658089999999987
21
-133.974897999999996
0
LINE
8
F.Cu
6
CONTINUOUS
10
82.8658089999999987
20
-133.974897999999996
11
82.8619999999999948
21
-133.9964970000000051
0
LINE
8
F.Cu
6
CONTINUOUS
10
82.8619999999999948
20
-133.9964970000000051
11
82.8619999999999948
21
-135.723747000000003
0
LINE
8
F.Cu
6
CONTINUOUS
10
82.8619999999999948
20
-135.723747000000003
11
82.8436639999999898
21
-135.774124999999998
0
LINE
8
F.Cu
6
CONTINUOUS
10
82.8436639999999898
20
-135.774124999999998
11
82.8390440000000012
21
-135.7791660000000036
0
LINE
8
F.Cu
6
CONTINUOUS
10
82.8390440000000012
20
-135.7791660000000036
11
82.1216659999999905
21
-136.4965440000000001
0
LINE
8
F.Cu
6
CONTINUOUS
10
82.1216659999999905
20
-136.4965440000000001
11
82.0730779999999953
21
-136.519202000000007
0
LINE
8
F.Cu
6
CONTINUOUS
10
82.0730779999999953
20
-136.519202000000007
11
82.06624699999999
21
-136.5194999999999936
0
LINE
8
F.Cu
6
CONTINUOUS
10
82.06624699999999
20
-136.5194999999999936
11
79.6972499999999968
21
-136.5194999999999936
0
LINE
8
F.Cu
6
CONTINUOUS
10
79.6972499999999968
20
-136.5194999999999936
11
79.6831880000000012
21
-136.5198059999999884
0
LINE
8
F.Cu
6
CONTINUOUS
10
79.6831880000000012
20
-136.5198059999999884
11
79.5736670000000004
21
-136.5440820000000031
0
LINE
8
F.Cu
6
CONTINUOUS
10
79.5736670000000004
20
-136.5440820000000031
11
79.568050999999997
21
-136.5464079999999853
0
LINE
8
F.Cu
6
CONTINUOUS
10
79.568050999999997
20
-136.5464079999999853
11
79.565536999999992
21
-136.5474499999999978
0
LINE
8
F.Cu
6
CONTINUOUS
10
79.565536999999992
20
-136.5474499999999978
11
79.5655220000000014
21
-136.5474559999999826
0
LINE
8
F.Cu
6
CONTINUOUS
10
79.5655220000000014
20
-136.5474559999999826
11
79.5655209999999897
21
-136.5474569999999801
0
LINE
8
F.Cu
6
CONTINUOUS
10
79.5655209999999897
20
-136.5474569999999801
11
79.5526279999999986
21
-136.5531289999999842
0
LINE
8
F.Cu
6
CONTINUOUS
10
79.5526279999999986
20
-136.5531289999999842
11
79.4607369999999946
21
-136.6174719999999922
0
LINE
8
F.Cu
6
CONTINUOUS
10
79.4607369999999946
20
-136.6174719999999922
11
79.4607340000000022
21
-136.6174749999999847
0
LINE
8
F.Cu
6
CONTINUOUS
10
79.4607340000000022
20
-136.6174749999999847
11
79.0655069999999967
21
-137.0127029999999877
0
LINE
8
F.Cu
6
CONTINUOUS
10
79.0655069999999967
20
-137.0127029999999877
11
78.3116649999999908
21
-137.7665439999999819
0
LINE
8
F.Cu
6
CONTINUOUS
10
78.3116649999999908
20
-137.7665439999999819
11
78.263077999999993
21
-137.7892019999999889
0
LINE
8
F.Cu
6
CONTINUOUS
10
78.263077999999993
20
-137.7892019999999889
11
78.2562470000000019
21
-137.7895000000000039
0
LINE
8
F.Cu
6
CONTINUOUS
10
78.2562470000000019
20
-137.7895000000000039
11
77.1639859999999942
21
-137.7895000000000039
0
LINE
8
F.Cu
6
CONTINUOUS
10
77.1639859999999942
20
-137.7895000000000039
11
77.1499239999999986
21
-137.7898059999999987
0
LINE
8
F.Cu
6
CONTINUOUS
10
77.1499239999999986
20
-137.7898059999999987
11
77.0678869999999989
21
-137.8079899999999895
0
LINE
8
F.Cu
6
CONTINUOUS
10
77.0678869999999989
20
-137.8079899999999895
11
77.0404049999999927
21
-137.8140819999999849
0
LINE
8
F.Cu
6
CONTINUOUS
10
77.0404049999999927
20
-137.8140819999999849
11
77.0404029999999977
21
-137.8140819999999849
0
LINE
8
F.Cu
6
CONTINUOUS
10
77.0404029999999977
20
-137.8140819999999849
11
77.0404020000000003
21
-137.8140829999999823
0
LINE
8
F.Cu
6
CONTINUOUS
10
77.0404020000000003
20
-137.8140829999999823
11
77.0404010000000028
21
-137.8140829999999823
0
LINE
8
F.Cu
6
CONTINUOUS
10
77.0404010000000028
20
-137.8140829999999823
11
77.032274000000001
21
-137.8174489999999821
0
LINE
8
F.Cu
6
CONTINUOUS
10
77.032274000000001
20
-137.8174489999999821
11
77.0067169999999948
21
-137.8293669999999906
0
LINE
8
F.Cu
6
CONTINUOUS
10
77.0067169999999948
20
-137.8293669999999906
11
77.0067140000000023
21
-137.8293679999999881
0
LINE
8
F.Cu
6
CONTINUOUS
10
77.0067140000000023
20
-137.8293679999999881
11
77.0067119999999932
21
-137.8293699999999831
0
LINE
8
F.Cu
6
CONTINUOUS
10
77.0067119999999932
20
-137.8293699999999831
11
76.9651439999999951
21
-137.861268999999993
0
LINE
8
F.Cu
6
CONTINUOUS
10
76.9651439999999951
20
-137.861268999999993
11
76.9177169999999961
21
-137.8976629999999943
0
LINE
8
F.Cu
6
CONTINUOUS
10
76.9177169999999961
20
-137.8976629999999943
11
76.8574509999999975
21
-137.9922699999999907
0
LINE
8
F.Cu
6
CONTINUOUS
10
76.8574509999999975
20
-137.9922699999999907
11
76.8574479999999909
21
-137.9922739999999806
0
LINE
8
F.Cu
6
CONTINUOUS
10
76.8574479999999909
20
-137.9922739999999806
11
76.8540890000000019
21
-138.0003849999999943
0
LINE
8
F.Cu
6
CONTINUOUS
10
76.8540890000000019
20
-138.0003849999999943
11
76.8489789999999999
21
-138.0135269999999821
0
LINE
8
F.Cu
6
CONTINUOUS
10
76.8489789999999999
20
-138.0135269999999821
11
76.8489769999999908
21
-138.0135339999999928
0
LINE
8
F.Cu
6
CONTINUOUS
10
76.8489769999999908
20
-138.0135339999999928
11
76.8294999999999959
21
-138.1239950000000078
0
LINE
8
F.Cu
6
CONTINUOUS
10
76.8294999999999959
20
-138.1239950000000078
11
76.8294999999999959
21
-141.593513999999999
0
LINE
8
F.Cu
6
CONTINUOUS
10
96.7342079999999953
20
-127.6601649999999921
11
96.6987349999999992
21
-127.6657839999999879
0
LINE
8
F.Cu
6
CONTINUOUS
10
96.6987349999999992
20
-127.6657839999999879
11
96.6987329999999901
21
-127.6657839999999879
0
LINE
8
F.Cu
6
CONTINUOUS
10
96.6987329999999901
20
-127.6657839999999879
11
96.6987299999999976
21
-127.6657849999999996
0
LINE
8
F.Cu
6
CONTINUOUS
10
96.6987299999999976
20
-127.6657849999999996
11
96.698726999999991
21
-127.6657849999999996
0
LINE
8
F.Cu
6
CONTINUOUS
10
96.698726999999991
20
-127.6657849999999996
11
96.5085409999999939
21
-127.7275810000000007
0
LINE
8
F.Cu
6
CONTINUOUS
10
96.5085409999999939
20
-127.7275810000000007
11
96.5085380000000015
21
-127.7275819999999982
0
LINE
8
F.Cu
6
CONTINUOUS
10
96.5085380000000015
20
-127.7275819999999982
11
96.330379999999991
21
-127.8183599999999984
0
LINE
8
F.Cu
6
CONTINUOUS
10
96.330379999999991
20
-127.8183599999999984
11
96.3303709999999995
21
-127.818365
0
LINE
8
F.Cu
6
CONTINUOUS
10
96.3303709999999995
20
-127.818365
11
96.3303650000000005
21
-127.8183689999999899
0
LINE
8
F.Cu
6
CONTINUOUS
10
96.3303650000000005
20
-127.8183689999999899
11
96.1685820000000007
21
-127.9359099999999927
0
LINE
8
F.Cu
6
CONTINUOUS
10
96.1685820000000007
20
-127.9359099999999927
11
96.1685559999999953
21
-127.935931999999994
0
LINE
8
F.Cu
6
CONTINUOUS
10
96.1685559999999953
20
-127.935931999999994
11
96.0271819999999963
21
-128.077305999999993
0
LINE
8
F.Cu
6
CONTINUOUS
10
96.0271819999999963
20
-128.077305999999993
11
96.027159999999995
21
-128.0773319999999842
0
LINE
8
F.Cu
6
CONTINUOUS
10
96.027159999999995
20
-128.0773319999999842
11
95.9096189999999922
21
-128.2391149999999982
0
LINE
8
F.Cu
6
CONTINUOUS
10
95.9096189999999922
20
-128.2391149999999982
11
95.9096150000000023
21
-128.239120999999983
0
LINE
8
F.Cu
6
CONTINUOUS
10
95.9096150000000023
20
-128.239120999999983
11
95.9096100000000007
21
-128.2391299999999887
0
LINE
8
F.Cu
6
CONTINUOUS
10
95.9096100000000007
20
-128.2391299999999887
11
95.8188289999999938
21
-128.4172949999999958
0
LINE
8
F.Cu
6
CONTINUOUS
10
95.8188289999999938
20
-128.4172949999999958
11
95.7829109999999986
21
-128.5278439999999875
0
LINE
8
F.Cu
6
CONTINUOUS
10
95.7829109999999986
20
-128.5278439999999875
11
95.7499049999999983
21
-128.5700899999999933
0
LINE
8
F.Cu
6
CONTINUOUS
10
95.7499049999999983
20
-128.5700899999999933
11
95.7083719999999971
21
-128.5819999999999936
0
LINE
8
F.Cu
6
CONTINUOUS
10
95.7083719999999971
20
-128.5819999999999936
11
92.4659149999999954
21
-128.5819999999999936
0
LINE
8
F.Cu
6
CONTINUOUS
10
92.4659149999999954
20
-128.5819999999999936
11
92.4155370000000005
21
-128.5636639999999886
0
LINE
8
F.Cu
6
CONTINUOUS
10
92.4155370000000005
20
-128.5636639999999886
11
92.3935529999999972
21
-128.5337299999999914
0
LINE
8
F.Cu
6
CONTINUOUS
10
92.3935529999999972
20
-128.5337299999999914
11
92.3895639999999929
21
-128.5241429999999809
0
LINE
8
F.Cu
6
CONTINUOUS
10
92.3895639999999929
20
-128.5241429999999809
11
92.3869029999999896
21
-128.503926000000007
0
LINE
8
F.Cu
6
CONTINUOUS
10
92.3869029999999896
20
-128.503926000000007
11
92.3395089999999925
21
-128.4022889999999961
0
LINE
8
F.Cu
6
CONTINUOUS
10
92.3395089999999925
20
-128.4022889999999961
11
92.3395069999999976
21
-128.4022870000000012
0
LINE
8
F.Cu
6
CONTINUOUS
10
92.3395069999999976
20
-128.4022870000000012
11
92.3395060000000001
21
-128.4022850000000062
0
LINE
8
F.Cu
6
CONTINUOUS
10
92.3395060000000001
20
-128.4022850000000062
11
92.3384109999999936
21
-128.4011899999999855
0
LINE
8
F.Cu
6
CONTINUOUS
10
92.3384109999999936
20
-128.4011899999999855
11
92.3384109999999936
21
-128.401188999999988
0
LINE
8
F.Cu
6
CONTINUOUS
10
92.3384109999999936
20
-128.401188999999988
11
92.2602150000000023
21
-128.3229929999999968
0
LINE
8
F.Cu
6
CONTINUOUS
10
92.2602150000000023
20
-128.3229929999999968
11
92.2602109999999982
21
-128.3229910000000018
0
LINE
8
F.Cu
6
CONTINUOUS
10
92.2602109999999982
20
-128.3229910000000018
11
92.1585740000000015
21
-128.2755970000000048
0
LINE
8
F.Cu
6
CONTINUOUS
10
92.1585740000000015
20
-128.2755970000000048
11
92.1122639999999961
21
-128.2694999999999936
0
LINE
8
F.Cu
6
CONTINUOUS
10
92.1122639999999961
20
-128.2694999999999936
11
92.1122579999999971
21
-128.2694999999999936
0
LINE
8
F.Cu
6
CONTINUOUS
10
92.1122579999999971
20
-128.2694999999999936
11
92.0318379999999934
21
-128.2694999999999936
0
LINE
8
F.Cu
6
CONTINUOUS
10
92.0318379999999934
20
-128.2694999999999936
11
92.018226999999996
21
-128.2683089999999879
0
LINE
8
F.Cu
6
CONTINUOUS
10
92.018226999999996
20
-128.2683089999999879
11
91.9966280000000012
21
-128.2644999999999982
0
LINE
8
F.Cu
6
CONTINUOUS
10
91.9966280000000012
20
-128.2644999999999982
11
91.9966249999999945
21
-128.2644999999999982
0
LINE
8
F.Cu
6
CONTINUOUS
10
91.9966249999999945
20
-128.2644999999999982
11
91.5183749999999918
21
-128.2644999999999982
0
LINE
8
F.Cu
6
CONTINUOUS
10
91.5183749999999918
20
-128.2644999999999982
11
91.5183669999999978
21
-128.2644999999999982
0
LINE
8
F.Cu
6
CONTINUOUS
10
91.5183669999999978
20
-128.2644999999999982
11
91.4902319999999918
21
-128.2657279999999957
0
LINE
8
F.Cu
6
CONTINUOUS
10
91.4902319999999918
20
-128.2657279999999957
11
91.4766070000000013
21
-128.2669199999999989
0
LINE
8
F.Cu
6
CONTINUOUS
10
91.4766070000000013
20
-128.2669199999999989
11
91.4621059999999915
21
-128.2688300000000083
0
LINE
8
F.Cu
6
CONTINUOUS
10
91.4621059999999915
20
-128.2688300000000083
11
91.4518769999999961
21
-128.2694999999999936
0
LINE
8
F.Cu
6
CONTINUOUS
10
91.4518769999999961
20
-128.2694999999999936
11
91.4027359999999902
21
-128.2694999999999936
0
LINE
8
F.Cu
6
CONTINUOUS
10
91.4027359999999902
20
-128.2694999999999936
11
91.356425999999999
21
-128.2755970000000048
0
LINE
8
F.Cu
6
CONTINUOUS
10
91.356425999999999
20
-128.2755970000000048
11
91.2547869999999932
21
-128.3229919999999993
0
LINE
8
F.Cu
6
CONTINUOUS
10
91.2547869999999932
20
-128.3229919999999993
11
91.2547849999999983
21
-128.3229929999999968
0
LINE
8
F.Cu
6
CONTINUOUS
10
91.2547849999999983
20
-128.3229929999999968
11
91.2547829999999891
21
-128.3229939999999942
0
LINE
8
F.Cu
6
CONTINUOUS
10
91.2547829999999891
20
-128.3229939999999942
11
91.2547780000000017
21
-128.3229979999999841
0
LINE
8
F.Cu
6
CONTINUOUS
10
91.2547780000000017
20
-128.3229979999999841
11
91.1754979999999904
21
-128.4022779999999955
0
LINE
8
F.Cu
6
CONTINUOUS
10
91.1754979999999904
20
-128.4022779999999955
11
91.1754959999999954
21
-128.4022809999999879
0
LINE
8
F.Cu
6
CONTINUOUS
10
91.1754959999999954
20
-128.4022809999999879
11
91.1754929999999888
21
-128.4022850000000062
0
LINE
8
F.Cu
6
CONTINUOUS
10
91.1754929999999888
20
-128.4022850000000062
11
91.1754919999999913
21
-128.4022870000000012
0
LINE
8
F.Cu
6
CONTINUOUS
10
91.1754919999999913
20
-128.4022870000000012
11
91.1754909999999938
21
-128.4022879999999986
0
LINE
8
F.Cu
6
CONTINUOUS
10
91.1754909999999938
20
-128.4022879999999986
11
91.1754909999999938
21
-128.4022889999999961
0
LINE
8
F.Cu
6
CONTINUOUS
10
91.1754909999999938
20
-128.4022889999999961
11
91.1280969999999968
21
-128.503926000000007
0
LINE
8
F.Cu
6
CONTINUOUS
10
91.1280969999999968
20
-128.503926000000007
11
91.1254559999999998
21
-128.5239789999999971
0
LINE
8
F.Cu
6
CONTINUOUS
10
91.1254559999999998
20
-128.5239789999999971
11
91.1215709999999888
21
-128.5334299999999814
0
LINE
8
F.Cu
6
CONTINUOUS
10
91.1215709999999888
20
-128.5334299999999814
11
91.1099799999999931
21
-128.5461449999999957
0
LINE
8
F.Cu
6
CONTINUOUS
10
91.1099799999999931
20
-128.5461449999999957
11
91.1020339999999891
21
-128.5614099999999951
0
LINE
8
F.Cu
6
CONTINUOUS
10
91.1020339999999891
20
-128.5614099999999951
11
91.0924449999999979
21
-128.5653810000000021
0
LINE
8
F.Cu
6
CONTINUOUS
10
91.0924449999999979
20
-128.5653810000000021
11
91.0854539999999986
21
-128.5730509999999924
0
LINE
8
F.Cu
6
CONTINUOUS
10
91.0854539999999986
20
-128.5730509999999924
11
91.068398000000002
21
-128.5753409999999803
0
LINE
8
F.Cu
6
CONTINUOUS
10
91.068398000000002
20
-128.5753409999999803
11
91.0525030000000015
21
-128.581924999999984
0
LINE
8
F.Cu
6
CONTINUOUS
10
91.0525030000000015
20
-128.581924999999984
11
91.0490849999999909
21
-128.5819999999999936
0
LINE
8
F.Cu
6
CONTINUOUS
10
91.0490849999999909
20
-128.5819999999999936
11
88.3433670000000006
21
-128.5819999999999936
0
LINE
8
F.Cu
6
CONTINUOUS
10
88.3433670000000006
20
-128.5819999999999936
11
88.3152319999999946
21
-128.5832279999999912
0
LINE
8
F.Cu
6
CONTINUOUS
10
88.3152319999999946
20
-128.5832279999999912
11
88.30160699999999
21
-128.5844199999999944
0
LINE
8
F.Cu
6
CONTINUOUS
10
88.30160699999999
20
-128.5844199999999944
11
88.2871059999999943
21
-128.5863300000000038
0
LINE
8
F.Cu
6
CONTINUOUS
10
88.2871059999999943
20
-128.5863300000000038
11
88.2768769999999989
21
-128.5869999999999891
0
LINE
8
F.Cu
6
CONTINUOUS
10
88.2768769999999989
20
-128.5869999999999891
11
88.2277359999999931
21
-128.5869999999999891
0
LINE
8
F.Cu
6
CONTINUOUS
10
88.2277359999999931
20
-128.5869999999999891
11
88.1814260000000019
21
-128.5930970000000002
0
LINE
8
F.Cu
6
CONTINUOUS
10
88.1814260000000019
20
-128.5930970000000002
11
88.0797869999999961
21
-128.6404919999999947
0
LINE
8
F.Cu
6
CONTINUOUS
10
88.0797869999999961
20
-128.6404919999999947
11
88.0797850000000011
21
-128.6404929999999922
0
LINE
8
F.Cu
6
CONTINUOUS
10
88.0797850000000011
20
-128.6404929999999922
11
88.0797829999999919
21
-128.6404939999999897
0
LINE
8
F.Cu
6
CONTINUOUS
10
88.0797829999999919
20
-128.6404939999999897
11
88.0797779999999904
21
-128.640498000000008
0
LINE
8
F.Cu
6
CONTINUOUS
10
88.0797779999999904
20
-128.640498000000008
11
88.0004179999999963
21
-128.7198579999999879
0
LINE
8
F.Cu
6
CONTINUOUS
10
88.0004179999999963
20
-128.7198579999999879
11
87.9997659999999939
21
-128.7213409999999953
0
LINE
8
F.Cu
6
CONTINUOUS
10
87.9997659999999939
20
-128.7213409999999953
11
87.9530969999999996
21
-128.8214240000000075
0
LINE
8
F.Cu
6
CONTINUOUS
10
87.9530969999999996
20
-128.8214240000000075
11
87.9530969999999996
21
-128.8214260000000024
0
LINE
8
F.Cu
6
CONTINUOUS
10
87.9530969999999996
20
-128.8214260000000024
11
87.9470000000000027
21
-128.8677360000000078
0
LINE
8
F.Cu
6
CONTINUOUS
10
87.9470000000000027
20
-128.8677360000000078
11
87.9470000000000027
21
-128.8677409999999952
0
LINE
8
F.Cu
6
CONTINUOUS
10
87.9470000000000027
20
-128.8677409999999952
11
87.9470000000000027
21
-128.9481619999999964
0
LINE
8
F.Cu
6
CONTINUOUS
10
87.9470000000000027
20
-128.9481619999999964
11
87.9460279999999983
21
-128.9592679999999802
0
LINE
8
F.Cu
6
CONTINUOUS
10
87.9460279999999983
20
-128.9592679999999802
11
87.9460479999999905
21
-128.9603390000000047
0
LINE
8
F.Cu
6
CONTINUOUS
10
87.9460479999999905
20
-128.9603390000000047
11
87.9459339999999941
21
-128.9610619999999983
0
LINE
8
F.Cu
6
CONTINUOUS
10
87.9459339999999941
20
-128.9610619999999983
11
87.9419999999999931
21
-128.9833749999999952
0
LINE
8
F.Cu
6
CONTINUOUS
10
87.9419999999999931
20
-128.9833749999999952
11
87.9419999999999931
21
-128.9860759999999971
0
LINE
8
F.Cu
6
CONTINUOUS
10
87.9419999999999931
20
-128.9860759999999971
11
87.9419999999999931
21
-129.7791330000000016
0
LINE
8
F.Cu
6
CONTINUOUS
10
87.9419999999999931
20
-129.7791330000000016
11
87.9432279999999906
21
-129.807266999999996
0
LINE
8
F.Cu
6
CONTINUOUS
10
87.9432279999999906
20
-129.807266999999996
11
87.9444199999999938
21
-129.8208919999999864
0
LINE
8
F.Cu
6
CONTINUOUS
10
87.9444199999999938
20
-129.8208919999999864
11
87.946329999999989
21
-129.835394000000008
0
LINE
8
F.Cu
6
CONTINUOUS
10
87.946329999999989
20
-129.835394000000008
11
87.9470000000000027
21
-129.8456229999999891
0
LINE
8
F.Cu
6
CONTINUOUS
10
87.9470000000000027
20
-129.8456229999999891
11
87.9470000000000027
21
-129.8947639999999808
0
LINE
8
F.Cu
6
CONTINUOUS
10
87.9470000000000027
20
-129.8947639999999808
11
87.9530969999999996
21
-129.9410729999999887
0
LINE
8
F.Cu
6
CONTINUOUS
10
87.9530969999999996
20
-129.9410729999999887
11
88.0004909999999967
21
-130.0427119999999945
0
LINE
8
F.Cu
6
CONTINUOUS
10
88.0004909999999967
20
-130.0427119999999945
11
88.0004950000000008
21
-130.0427169999999819
0
LINE
8
F.Cu
6
CONTINUOUS
10
88.0004950000000008
20
-130.0427169999999819
11
88.0797779999999904
21
-130.1219999999999857
0
LINE
8
F.Cu
6
CONTINUOUS
10
88.0797779999999904
20
-130.1219999999999857
11
88.079780999999997
21
-130.1220019999999806
0
LINE
8
F.Cu
6
CONTINUOUS
10
88.079780999999997
20
-130.1220019999999806
11
88.0797850000000011
21
-130.1220059999999989
0
LINE
8
F.Cu
6
CONTINUOUS
10
88.0797850000000011
20
-130.1220059999999989
11
88.0797869999999961
21
-130.1220069999999964
0
LINE
8
F.Cu
6
CONTINUOUS
10
88.0797869999999961
20
-130.1220069999999964
11
88.079788999999991
21
-130.1220089999999914
0
LINE
8
F.Cu
6
CONTINUOUS
10
88.079788999999991
20
-130.1220089999999914
11
88.1814260000000019
21
-130.1694029999999884
0
LINE
8
F.Cu
6
CONTINUOUS
10
88.1814260000000019
20
-130.1694029999999884
11
88.2277359999999931
21
-130.1754999999999995
0
LINE
8
F.Cu
6
CONTINUOUS
10
88.2277359999999931
20
-130.1754999999999995
11
88.2277419999999921
21
-130.1754999999999995
0
LINE
8
F.Cu
6
CONTINUOUS
10
88.2277419999999921
20
-130.1754999999999995
11
88.3081619999999958
21
-130.1754999999999995
0
LINE
8
F.Cu
6
CONTINUOUS
10
88.3081619999999958
20
-130.1754999999999995
11
88.3217729999999932
21
-130.1766910000000053
0
LINE
8
F.Cu
6
CONTINUOUS
10
88.3217729999999932
20
-130.1766910000000053
11
88.3433720000000022
21
-130.180499999999995
0
LINE
8
F.Cu
6
CONTINUOUS
10
88.3433720000000022
20
-130.180499999999995
11
88.3433749999999947
21
-130.180499999999995
0
LINE
8
F.Cu
6
CONTINUOUS
10
88.3433749999999947
20
-130.180499999999995
11
91.0490849999999909
21
-130.180499999999995
0
LINE
8
F.Cu
6
CONTINUOUS
10
91.0490849999999909
20
-130.180499999999995
11
91.0994630000000001
21
-130.198836
0
LINE
8
F.Cu
6
CONTINUOUS
10
91.0994630000000001
20
-130.198836
11
91.1218029999999999
21
-130.2296379999999942
0
LINE
8
F.Cu
6
CONTINUOUS
10
91.1218029999999999
20
-130.2296379999999942
11
91.1254969999999958
21
-130.2388249999999914
0
LINE
8
F.Cu
6
CONTINUOUS
10
91.1254969999999958
20
-130.2388249999999914
11
91.1280969999999968
21
-130.2585739999999817
0
LINE
8
F.Cu
6
CONTINUOUS
10
91.1280969999999968
20
-130.2585739999999817
11
91.1668559999999957
21
-130.3416929999999923
0
LINE
8
F.Cu
6
CONTINUOUS
10
91.1668559999999957
20
-130.3416929999999923
11
91.1676439999999957
21
-130.3436529999999891
0
LINE
8
F.Cu
6
CONTINUOUS
10
91.1676439999999957
20
-130.3436529999999891
11
91.1677159999999986
21
-130.3458349999999939
0
LINE
8
F.Cu
6
CONTINUOUS
10
91.1677159999999986
20
-130.3458349999999939
11
91.1831370000000021
21
-130.3789040000000057
0
LINE
8
F.Cu
6
CONTINUOUS
10
91.1831370000000021
20
-130.3789040000000057
11
91.1878099999999989
21
-130.4323109999999986
0
LINE
8
F.Cu
6
CONTINUOUS
10
91.1878099999999989
20
-130.4323109999999986
11
91.1570880000000017
21
-130.4762079999999855
0
LINE
8
F.Cu
6
CONTINUOUS
10
91.1570880000000017
20
-130.4762079999999855
11
91.1548080000000027
21
-130.4778059999999869
0
LINE
8
F.Cu
6
CONTINUOUS
10
91.1548080000000027
20
-130.4778059999999869
11
91.1098250000000007
21
-130.4919999999999902
0
LINE
8
F.Cu
6
CONTINUOUS
10
91.1098250000000007
20
-130.4919999999999902
11
91.0908900000000017
21
-130.4919999999999902
0
LINE
8
F.Cu
6
CONTINUOUS
10
91.0908900000000017
20
-130.4919999999999902
11
91.084062000000003
21
-130.4917020000000036
0
LINE
8
F.Cu
6
CONTINUOUS
10
91.084062000000003
20
-130.4917020000000036
11
91.076084999999992
21
-130.4910040000000038
0
LINE
8
F.Cu
6
CONTINUOUS
10
91.076084999999992
20
-130.4910040000000038
11
91.0303129999999925
21
-130.4869999999999948
0
LINE
8
F.Cu
6
CONTINUOUS
10
91.0303129999999925
20
-130.4869999999999948
11
91.0303059999999959
21
-130.4869999999999948
0
LINE
8
F.Cu
6
CONTINUOUS
10
91.0303059999999959
20
-130.4869999999999948
11
90.5753289999999964
21
-130.4869999999999948
0
LINE
8
F.Cu
6
CONTINUOUS
10
90.5753289999999964
20
-130.4869999999999948
11
90.5576379999999972
21
-130.4893289999999979
0
LINE
8
F.Cu
6
CONTINUOUS
10
90.5576379999999972
20
-130.4893289999999979
11
90.5424369999999925
21
-130.4913300000000049
0
LINE
8
F.Cu
6
CONTINUOUS
10
90.5424369999999925
20
-130.4913300000000049
11
90.5322089999999946
21
-130.4919999999999902
0
LINE
8
F.Cu
6
CONTINUOUS
10
90.5322089999999946
20
-130.4919999999999902
11
90.4502359999999896
21
-130.4919999999999902
0
LINE
8
F.Cu
6
CONTINUOUS
10
90.4502359999999896
20
-130.4919999999999902
11
90.4039259999999985
21
-130.4980970000000013
0
LINE
8
F.Cu
6
CONTINUOUS
10
90.4039259999999985
20
-130.4980970000000013
11
90.3022869999999926
21
-130.5454919999999959
0
LINE
8
F.Cu
6
CONTINUOUS
10
90.3022869999999926
20
-130.5454919999999959
11
90.3022849999999977
21
-130.5454929999999933
0
LINE
8
F.Cu
6
CONTINUOUS
10
90.3022849999999977
20
-130.5454929999999933
11
90.3022830000000027
21
-130.5454939999999908
0
LINE
8
F.Cu
6
CONTINUOUS
10
90.3022830000000027
20
-130.5454939999999908
11
90.3022780000000012
21
-130.5454979999999807
0
LINE
8
F.Cu
6
CONTINUOUS
10
90.3022780000000012
20
-130.5454979999999807
11
90.2229179999999928
21
-130.624857999999989
0
LINE
8
F.Cu
6
CONTINUOUS
10
90.2229179999999928
20
-130.624857999999989
11
90.2222659999999905
21
-130.6263409999999965
0
LINE
8
F.Cu
6
CONTINUOUS
10
90.2222659999999905
20
-130.6263409999999965
11
90.1755969999999962
21
-130.7264239999999802
0
LINE
8
F.Cu
6
CONTINUOUS
10
90.1755969999999962
20
-130.7264239999999802
11
90.1755969999999962
21
-130.7264260000000036
0
LINE
8
F.Cu
6
CONTINUOUS
10
90.1755969999999962
20
-130.7264260000000036
11
90.1694999999999993
21
-130.7727359999999805
0
LINE
8
F.Cu
6
CONTINUOUS
10
90.1694999999999993
20
-130.7727359999999805
11
90.1694999999999993
21
-130.7727409999999963
0
LINE
8
F.Cu
6
CONTINUOUS
10
90.1694999999999993
20
-130.7727409999999963
11
90.1694999999999993
21
-130.841622000000001
0
LINE
8
F.Cu
6
CONTINUOUS
10
90.1694999999999993
20
-130.841622000000001
11
90.1692019999999985
21
-130.8484530000000063
0
LINE
8
F.Cu
6
CONTINUOUS
10
90.1692019999999985
20
-130.8484530000000063
11
90.1644999999999897
21
-130.9021879999999953
0
LINE
8
F.Cu
6
CONTINUOUS
10
90.1644999999999897
20
-130.9021879999999953
11
90.1644999999999897
21
-132.9486249999999927
0
LINE
8
F.Cu
6
CONTINUOUS
10
90.1644999999999897
20
-132.9486249999999927
11
90.1461639999999989
21
-132.9990029999999877
0
LINE
8
F.Cu
6
CONTINUOUS
10
90.1461639999999989
20
-132.9990029999999877
11
90.0997349999999955
21
-133.0258089999999811
0
LINE
8
F.Cu
6
CONTINUOUS
10
90.0997349999999955
20
-133.0258089999999811
11
90.0861249999999956
21
-133.0269999999999868
0
LINE
8
F.Cu
6
CONTINUOUS
10
90.0861249999999956
20
-133.0269999999999868
11
88.3528289999999998
21
-133.0269999999999868
0
LINE
8
F.Cu
6
CONTINUOUS
10
88.3528289999999998
20
-133.0269999999999868
11
88.333014999999989
21
-133.0296079999999961
0
LINE
8
F.Cu
6
CONTINUOUS
10
88.333014999999989
20
-133.0296079999999961
11
88.3199369999999959
21
-133.031329999999997
0
LINE
8
F.Cu
6
CONTINUOUS
10
88.3199369999999959
20
-133.031329999999997
11
88.309708999999998
21
-133.0319999999999823
0
LINE
8
F.Cu
6
CONTINUOUS
10
88.309708999999998
20
-133.0319999999999823
11
88.2277359999999931
21
-133.0319999999999823
0
LINE
8
F.Cu
6
CONTINUOUS
10
88.2277359999999931
20
-133.0319999999999823
11
88.1814260000000019
21
-133.0380969999999934
0
LINE
8
F.Cu
6
CONTINUOUS
10
88.1814260000000019
20
-133.0380969999999934
11
88.0797869999999961
21
-133.0854919999999879
0
LINE
8
F.Cu
6
CONTINUOUS
10
88.0797869999999961
20
-133.0854919999999879
11
88.0797850000000011
21
-133.0854929999999854
0
LINE
8
F.Cu
6
CONTINUOUS
10
88.0797850000000011
20
-133.0854929999999854
11
88.0797829999999919
21
-133.0854939999999829
0
LINE
8
F.Cu
6
CONTINUOUS
10
88.0797829999999919
20
-133.0854939999999829
11
88.0797779999999904
21
-133.0854980000000012
0
LINE
8
F.Cu
6
CONTINUOUS
10
88.0797779999999904
20
-133.0854980000000012
11
88.0004179999999963
21
-133.1648579999999811
0
LINE
8
F.Cu
6
CONTINUOUS
10
88.0004179999999963
20
-133.1648579999999811
11
87.9997659999999939
21
-133.1663409999999885
0
LINE
8
F.Cu
6
CONTINUOUS
10
87.9997659999999939
20
-133.1663409999999885
11
87.9530969999999996
21
-133.2664240000000007
0
LINE
8
F.Cu
6
CONTINUOUS
10
87.9530969999999996
20
-133.2664240000000007
11
87.9530969999999996
21
-133.2664259999999956
0
LINE
8
F.Cu
6
CONTINUOUS
10
87.9530969999999996
20
-133.2664259999999956
11
87.9470000000000027
21
-133.312736000000001
0
LINE
8
F.Cu
6
CONTINUOUS
10
87.9470000000000027
20
-133.312736000000001
11
87.9470000000000027
21
-133.3127409999999884
0
LINE
8
F.Cu
6
CONTINUOUS
10
87.9470000000000027
20
-133.3127409999999884
11
87.9470000000000027
21
-133.381621999999993
0
LINE
8
F.Cu
6
CONTINUOUS
10
87.9470000000000027
20
-133.381621999999993
11
87.9467020000000019
21
-133.3884529999999984
0
LINE
8
F.Cu
6
CONTINUOUS
10
87.9467020000000019
20
-133.3884529999999984
11
87.9423819999999949
21
-133.437831999999986
0
LINE
8
F.Cu
6
CONTINUOUS
10
87.9423819999999949
20
-133.437831999999986
11
87.9419999999999931
21
-133.4421930000000032
0
LINE
8
F.Cu
6
CONTINUOUS
10
87.9419999999999931
20
-133.4421930000000032
11
87.9419999999999931
21
-134.2146699999999839
0
LINE
8
F.Cu
6
CONTINUOUS
10
87.9419999999999931
20
-134.2146699999999839
11
87.9460089999999894
21
-134.2451240000000041
0
LINE
8
F.Cu
6
CONTINUOUS
10
87.9460089999999894
20
-134.2451240000000041
11
87.946329999999989
21
-134.2475609999999904
0
LINE
8
F.Cu
6
CONTINUOUS
10
87.946329999999989
20
-134.2475609999999904
11
87.9470000000000027
21
-134.2577890000000025
0
LINE
8
F.Cu
6
CONTINUOUS
10
87.9470000000000027
20
-134.2577890000000025
11
87.9470000000000027
21
-134.3397640000000024
0
LINE
8
F.Cu
6
CONTINUOUS
10
87.9470000000000027
20
-134.3397640000000024
11
87.9530969999999996
21
-134.3860729999999819
0
LINE
8
F.Cu
6
CONTINUOUS
10
87.9530969999999996
20
-134.3860729999999819
11
88.0004909999999967
21
-134.4877119999999877
0
LINE
8
F.Cu
6
CONTINUOUS
10
88.0004909999999967
20
-134.4877119999999877
11
88.0004950000000008
21
-134.4877170000000035
0
LINE
8
F.Cu
6
CONTINUOUS
10
88.0004950000000008
20
-134.4877170000000035
11
88.0797779999999904
21
-134.5670000000000073
0
LINE
8
F.Cu
6
CONTINUOUS
10
88.0797779999999904
20
-134.5670000000000073
11
88.079780999999997
21
-134.5670020000000022
0
LINE
8
F.Cu
6
CONTINUOUS
10
88.079780999999997
20
-134.5670020000000022
11
88.0797850000000011
21
-134.5670059999999921
0
LINE
8
F.Cu
6
CONTINUOUS
10
88.0797850000000011
20
-134.5670059999999921
11
88.0797869999999961
21
-134.5670069999999896
0
LINE
8
F.Cu
6
CONTINUOUS
10
88.0797869999999961
20
-134.5670069999999896
11
88.079788999999991
21
-134.5670089999999846
0
LINE
8
F.Cu
6
CONTINUOUS
10
88.079788999999991
20
-134.5670089999999846
11
88.1814260000000019
21
-134.6144029999999816
0
LINE
8
F.Cu
6
CONTINUOUS
10
88.1814260000000019
20
-134.6144029999999816
11
88.2277359999999931
21
-134.6204999999999927
0
LINE
8
F.Cu
6
CONTINUOUS
10
88.2277359999999931
20
-134.6204999999999927
11
88.2277419999999921
21
-134.6204999999999927
0
LINE
8
F.Cu
6
CONTINUOUS
10
88.2277419999999921
20
-134.6204999999999927
11
88.2966229999999968
21
-134.6204999999999927
0
LINE
8
F.Cu
6
CONTINUOUS
10
88.2966229999999968
20
-134.6204999999999927
11
88.3034519999999929
21
-134.6207969999999818
0
LINE
8
F.Cu
6
CONTINUOUS
10
88.3034519999999929
20
-134.6207969999999818
11
88.3571939999999927
21
-134.6254999999999882
0
LINE
8
F.Cu
6
CONTINUOUS
10
88.3571939999999927
20
-134.6254999999999882
11
91.3521689999999893
21
-134.6254999999999882
0
LINE
8
F.Cu
6
CONTINUOUS
10
91.3521689999999893
20
-134.6254999999999882
11
91.3521709999999985
21
-134.6254999999999882
0
LINE
8
F.Cu
6
CONTINUOUS
10
91.3521709999999985
20
-134.6254999999999882
11
91.385042999999996
21
-134.6211710000000039
0
LINE
8
F.Cu
6
CONTINUOUS
10
91.385042999999996
20
-134.6211710000000039
11
91.3952759999999955
21
-134.6204999999999927
0
LINE
8
F.Cu
6
CONTINUOUS
10
91.3952759999999955
20
-134.6204999999999927
11
91.477257999999992
21
-134.6204999999999927
0
LINE
8
F.Cu
6
CONTINUOUS
10
91.477257999999992
20
-134.6204999999999927
11
91.477263999999991
21
-134.6204999999999927
0
LINE
8
F.Cu
6
CONTINUOUS
10
91.477263999999991
20
-134.6204999999999927
11
91.5235739999999964
21
-134.6144029999999816
0
LINE
8
F.Cu
6
CONTINUOUS
10
91.5235739999999964
20
-134.6144029999999816
11
91.6252109999999931
21
-134.5670089999999846
0
LINE
8
F.Cu
6
CONTINUOUS
10
91.6252109999999931
20
-134.5670089999999846
11
91.6252139999999997
21
-134.5670059999999921
0
LINE
8
F.Cu
6
CONTINUOUS
10
91.6252139999999997
20
-134.5670059999999921
11
91.6923109999999895
21
-134.4999090000000024
0
LINE
8
F.Cu
6
CONTINUOUS
10
91.6923109999999895
20
-134.4999090000000024
11
91.6923139999999961
21
-134.4999080000000049
0
LINE
8
F.Cu
6
CONTINUOUS
10
91.6923139999999961
20
-134.4999080000000049
11
91.7145989999999927
21
-134.4843019999999854
0
LINE
8
F.Cu
6
CONTINUOUS
10
91.7145989999999927
20
-134.4843019999999854
11
91.7248159999999899
21
-134.4795369999999934
0
LINE
8
F.Cu
6
CONTINUOUS
10
91.7248159999999899
20
-134.4795369999999934
11
91.7385829999999913
21
-134.4783319999999947
0
LINE
8
F.Cu
6
CONTINUOUS
10
91.7385829999999913
20
-134.4783319999999947
11
91.7408989999999989
21
-134.4772529999999904
0
LINE
8
F.Cu
6
CONTINUOUS
10
91.7408989999999989
20
-134.4772529999999904
11
91.7433659999999946
21
-134.4779139999999984
0
LINE
8
F.Cu
6
CONTINUOUS
10
91.7433659999999946
20
-134.4779139999999984
11
91.7782189999999929
21
-134.4748639999999966
0
LINE
8
F.Cu
6
CONTINUOUS
10
91.7782189999999929
20
-134.4748639999999966
11
91.7844649999999973
21
-134.4765370000000075
0
LINE
8
F.Cu
6
CONTINUOUS
10
91.7844649999999973
20
-134.4765370000000075
11
91.8195999999999941
21
-134.4968209999999829
0
LINE
8
F.Cu
6
CONTINUOUS
10
91.8195999999999941
20
-134.4968209999999829
11
91.8897849999999892
21
-134.5670059999999921
0
LINE
8
F.Cu
6
CONTINUOUS
10
91.8897849999999892
20
-134.5670059999999921
11
91.8897869999999983
21
-134.5670069999999896
0
LINE
8
F.Cu
6
CONTINUOUS
10
91.8897869999999983
20
-134.5670069999999896
11
91.8897889999999933
21
-134.5670089999999846
0
LINE
8
F.Cu
6
CONTINUOUS
10
91.8897889999999933
20
-134.5670089999999846
11
91.9914259999999899
21
-134.6144029999999816
0
LINE
8
F.Cu
6
CONTINUOUS
10
91.9914259999999899
20
-134.6144029999999816
11
92.0377359999999953
21
-134.6204999999999927
0
LINE
8
F.Cu
6
CONTINUOUS
10
92.0377359999999953
20
-134.6204999999999927
11
92.0377419999999944
21
-134.6204999999999927
0
LINE
8
F.Cu
6
CONTINUOUS
10
92.0377419999999944
20
-134.6204999999999927
11
92.106622999999999
21
-134.6204999999999927
0
LINE
8
F.Cu
6
CONTINUOUS
10
92.106622999999999
20
-134.6204999999999927
11
92.1134519999999952
21
-134.6207969999999818
0
LINE
8
F.Cu
6
CONTINUOUS
10
92.1134519999999952
20
-134.6207969999999818
11
92.167193999999995
21
-134.6254999999999882
0
LINE
8
F.Cu
6
CONTINUOUS
10
92.167193999999995
20
-134.6254999999999882
11
95.1621689999999916
21
-134.6254999999999882
0
LINE
8
F.Cu
6
CONTINUOUS
10
95.1621689999999916
20
-134.6254999999999882
11
95.1621710000000007
21
-134.6254999999999882
0
LINE
8
F.Cu
6
CONTINUOUS
10
95.1621710000000007
20
-134.6254999999999882
11
95.1950429999999983
21
-134.6211710000000039
0
LINE
8
F.Cu
6
CONTINUOUS
10
95.1950429999999983
20
-134.6211710000000039
11
95.2052759999999978
21
-134.6204999999999927
0
LINE
8
F.Cu
6
CONTINUOUS
10
95.2052759999999978
20
-134.6204999999999927
11
95.2872579999999942
21
-134.6204999999999927
0
LINE
8
F.Cu
6
CONTINUOUS
10
95.2872579999999942
20
-134.6204999999999927
11
95.2872639999999933
21
-134.6204999999999927
0
LINE
8
F.Cu
6
CONTINUOUS
10
95.2872639999999933
20
-134.6204999999999927
11
95.3335739999999987
21
-134.6144029999999816
0
LINE
8
F.Cu
6
CONTINUOUS
10
95.3335739999999987
20
-134.6144029999999816
11
95.4352109999999954
21
-134.5670089999999846
0
LINE
8
F.Cu
6
CONTINUOUS
10
95.4352109999999954
20
-134.5670089999999846
11
95.5145089999999897
21
-134.4877109999999902
0
LINE
8
F.Cu
6
CONTINUOUS
10
95.5145089999999897
20
-134.4877109999999902
11
95.5619030000000009
21
-134.3860740000000078
0
LINE
8
F.Cu
6
CONTINUOUS
10
95.5619030000000009
20
-134.3860740000000078
11
95.5679999999999978
21
-134.3397640000000024
0
LINE
8
F.Cu
6
CONTINUOUS
10
95.5679999999999978
20
-134.3397640000000024
11
95.5679999999999978
21
-134.2708680000000072
0
LINE
8
F.Cu
6
CONTINUOUS
10
95.5679999999999978
20
-134.2708680000000072
11
95.5682979999999986
21
-134.2640360000000044
0
LINE
8
F.Cu
6
CONTINUOUS
10
95.5682979999999986
20
-134.2640360000000044
11
95.568844999999996
21
-134.2577890000000025
0
LINE
8
F.Cu
6
CONTINUOUS
10
95.568844999999996
20
-134.2577890000000025
11
95.5729999999999933
21
-134.2103060000000028
0
LINE
8
F.Cu
6
CONTINUOUS
10
95.5729999999999933
20
-134.2103060000000028
11
95.5729999999999933
21
-133.4378289999999936
0
LINE
8
F.Cu
6
CONTINUOUS
10
95.5729999999999933
20
-133.4378289999999936
11
95.5686709999999948
21
-133.4049519999999802
0
LINE
8
F.Cu
6
CONTINUOUS
10
95.5686709999999948
20
-133.4049519999999802
11
95.5679999999999978
21
-133.3947200000000066
0
LINE
8
F.Cu
6
CONTINUOUS
10
95.5679999999999978
20
-133.3947200000000066
11
95.5679999999999978
21
-133.3127419999999859
0
LINE
8
F.Cu
6
CONTINUOUS
10
95.5679999999999978
20
-133.3127419999999859
11
95.5679999999999978
21
-133.312736000000001
0
LINE
8
F.Cu
6
CONTINUOUS
10
95.5679999999999978
20
-133.312736000000001
11
95.5619030000000009
21
-133.2664259999999956
0
LINE
8
F.Cu
6
CONTINUOUS
10
95.5619030000000009
20
-133.2664259999999956
11
95.5145089999999897
21
-133.1647889999999848
0
LINE
8
F.Cu
6
CONTINUOUS
10
95.5145089999999897
20
-133.1647889999999848
11
95.5145069999999947
21
-133.1647869999999898
0
LINE
8
F.Cu
6
CONTINUOUS
10
95.5145069999999947
20
-133.1647869999999898
11
95.5145059999999972
21
-133.1647849999999949
0
LINE
8
F.Cu
6
CONTINUOUS
10
95.5145059999999972
20
-133.1647849999999949
11
95.5145029999999906
21
-133.1647820000000024
0
LINE
8
F.Cu
6
CONTINUOUS
10
95.5145029999999906
20
-133.1647820000000024
11
95.5145009999999957
21
-133.1647789999999816
0
LINE
8
F.Cu
6
CONTINUOUS
10
95.5145009999999957
20
-133.1647789999999816
11
95.4352149999999995
21
-133.0854929999999854
0
LINE
8
F.Cu
6
CONTINUOUS
10
95.4352149999999995
20
-133.0854929999999854
11
95.4352109999999954
21
-133.0854909999999904
0
LINE
8
F.Cu
6
CONTINUOUS
10
95.4352109999999954
20
-133.0854909999999904
11
95.3335739999999987
21
-133.0380969999999934
0
LINE
8
F.Cu
6
CONTINUOUS
10
95.3335739999999987
20
-133.0380969999999934
11
95.2872639999999933
21
-133.0319999999999823
0
LINE
8
F.Cu
6
CONTINUOUS
10
95.2872639999999933
20
-133.0319999999999823
11
95.2872579999999942
21
-133.0319999999999823
0
LINE
8
F.Cu
6
CONTINUOUS
10
95.2872579999999942
20
-133.0319999999999823
11
95.2183769999999896
21
-133.0319999999999823
0
LINE
8
F.Cu
6
CONTINUOUS
10
95.2183769999999896
20
-133.0319999999999823
11
95.211551
21
-133.0317019999999957
0
LINE
8
F.Cu
6
CONTINUOUS
10
95.211551
20
-133.0317019999999957
11
95.1889959999999888
21
-133.0297280000000057
0
LINE
8
F.Cu
6
CONTINUOUS
10
95.1889959999999888
20
-133.0297280000000057
11
95.1578099999999978
21
-133.0269999999999868
0
LINE
8
F.Cu
6
CONTINUOUS
10
95.1578099999999978
20
-133.0269999999999868
11
95.1578059999999937
21
-133.0269999999999868
0
LINE
8
F.Cu
6
CONTINUOUS
10
95.1578059999999937
20
-133.0269999999999868
11
93.4288749999999908
21
-133.0269999999999868
0
LINE
8
F.Cu
6
CONTINUOUS
10
93.4288749999999908
20
-133.0269999999999868
11
93.3784969999999959
21
-133.0086639999999818
0
LINE
8
F.Cu
6
CONTINUOUS
10
93.3784969999999959
20
-133.0086639999999818
11
93.3516910000000024
21
-132.9622349999999926
0
LINE
8
F.Cu
6
CONTINUOUS
10
93.3516910000000024
20
-132.9622349999999926
11
93.3504999999999967
21
-132.9486249999999927
0
LINE
8
F.Cu
6
CONTINUOUS
10
93.3504999999999967
20
-132.9486249999999927
11
93.3504999999999967
21
-132.4813749999999857
0
LINE
8
F.Cu
6
CONTINUOUS
10
93.3504999999999967
20
-132.4813749999999857
11
93.3688360000000017
21
-132.4309969999999907
0
LINE
8
F.Cu
6
CONTINUOUS
10
93.3688360000000017
20
-132.4309969999999907
11
93.4152649999999909
21
-132.4041909999999973
0
LINE
8
F.Cu
6
CONTINUOUS
10
93.4152649999999909
20
-132.4041909999999973
11
93.4288749999999908
21
-132.4029999999999916
0
LINE
8
F.Cu
6
CONTINUOUS
10
93.4288749999999908
20
-132.4029999999999916
11
95.1621689999999916
21
-132.4029999999999916
0
LINE
8
F.Cu
6
CONTINUOUS
10
95.1621689999999916
20
-132.4029999999999916
11
95.1621710000000007
21
-132.4029999999999916
0
LINE
8
F.Cu
6
CONTINUOUS
10
95.1621710000000007
20
-132.4029999999999916
11
95.1950429999999983
21
-132.3986710000000073
0
LINE
8
F.Cu
6
CONTINUOUS
10
95.1950429999999983
20
-132.3986710000000073
11
95.2052759999999978
21
-132.3979999999999961
0
LINE
8
F.Cu
6
CONTINUOUS
10
95.2052759999999978
20
-132.3979999999999961
11
95.2872579999999942
21
-132.3979999999999961
0
LINE
8
F.Cu
6
CONTINUOUS
10
95.2872579999999942
20
-132.3979999999999961
11
95.2872639999999933
21
-132.3979999999999961
0
LINE
8
F.Cu
6
CONTINUOUS
10
95.2872639999999933
20
-132.3979999999999961
11
95.3335739999999987
21
-132.391902999999985
0
LINE
8
F.Cu
6
CONTINUOUS
10
95.3335739999999987
20
-132.391902999999985
11
95.4352109999999954
21
-132.344508999999988
0
LINE
8
F.Cu
6
CONTINUOUS
10
95.4352109999999954
20
-132.344508999999988
11
95.5145089999999897
21
-132.2652109999999936
0
LINE
8
F.Cu
6
CONTINUOUS
10
95.5145089999999897
20
-132.2652109999999936
11
95.5619030000000009
21
-132.1635739999999828
0
LINE
8
F.Cu
6
CONTINUOUS
10
95.5619030000000009
20
-132.1635739999999828
11
95.5679999999999978
21
-132.1172640000000058
0
LINE
8
F.Cu
6
CONTINUOUS
10
95.5679999999999978
20
-132.1172640000000058
11
95.5679999999999978
21
-132.048372999999998
0
LINE
8
F.Cu
6
CONTINUOUS
10
95.5679999999999978
20
-132.048372999999998
11
95.5682970000000012
21
-132.0415539999999908
0
LINE
8
F.Cu
6
CONTINUOUS
10
95.5682970000000012
20
-132.0415539999999908
11
95.5729999999999933
21
-131.9878060000000062
0
LINE
8
F.Cu
6
CONTINUOUS
10
95.5729999999999933
20
-131.9878060000000062
11
95.5729999999999933
21
-131.215328999999997
0
LINE
8
F.Cu
6
CONTINUOUS
10
95.5729999999999933
20
-131.215328999999997
11
95.5686709999999948
21
-131.1824519999999836
0
LINE
8
F.Cu
6
CONTINUOUS
10
95.5686709999999948
20
-131.1824519999999836
11
95.5679999999999978
21
-131.1722199999999816
0
LINE
8
F.Cu
6
CONTINUOUS
10
95.5679999999999978
20
-131.1722199999999816
11
95.5679999999999978
21
-131.0902419999999893
0
LINE
8
F.Cu
6
CONTINUOUS
10
95.5679999999999978
20
-131.0902419999999893
11
95.5679999999999978
21
-131.0902360000000044
0
LINE
8
F.Cu
6
CONTINUOUS
10
95.5679999999999978
20
-131.0902360000000044
11
95.5619030000000009
21
-131.043925999999999
0
LINE
8
F.Cu
6
CONTINUOUS
10
95.5619030000000009
20
-131.043925999999999
11
95.5145089999999897
21
-130.9422889999999882
0
LINE
8
F.Cu
6
CONTINUOUS
10
95.5145089999999897
20
-130.9422889999999882
11
95.5145069999999947
21
-130.9422869999999932
0
LINE
8
F.Cu
6
CONTINUOUS
10
95.5145069999999947
20
-130.9422869999999932
11
95.5145059999999972
21
-130.9422849999999983
0
LINE
8
F.Cu
6
CONTINUOUS
10
95.5145059999999972
20
-130.9422849999999983
11
95.5145029999999906
21
-130.9422820000000058
0
LINE
8
F.Cu
6
CONTINUOUS
10
95.5145029999999906
20
-130.9422820000000058
11
95.5145009999999957
21
-130.942278999999985
0
LINE
8
F.Cu
6
CONTINUOUS
10
95.5145009999999957
20
-130.942278999999985
11
95.4352149999999995
21
-130.8629929999999888
0
LINE
8
F.Cu
6
CONTINUOUS
10
95.4352149999999995
20
-130.8629929999999888
11
95.4352090000000004
21
-130.8629899999999964
0
LINE
8
F.Cu
6
CONTINUOUS
10
95.4352090000000004
20
-130.8629899999999964
11
95.3335739999999987
21
-130.8155969999999968
0
LINE
8
F.Cu
6
CONTINUOUS
10
95.3335739999999987
20
-130.8155969999999968
11
95.2872639999999933
21
-130.8094999999999857
0
LINE
8
F.Cu
6
CONTINUOUS
10
95.2872639999999933
20
-130.8094999999999857
11
95.2872579999999942
21
-130.8094999999999857
0
LINE
8
F.Cu
6
CONTINUOUS
10
95.2872579999999942
20
-130.8094999999999857
11
95.2183899999999994
21
-130.8094999999999857
0
LINE
8
F.Cu
6
CONTINUOUS
10
95.2183899999999994
20
-130.8094999999999857
11
95.2115620000000007
21
-130.8092019999999991
0
LINE
8
F.Cu
6
CONTINUOUS
10
95.2115620000000007
20
-130.8092019999999991
11
95.201352
21
-130.80830899999998
0
LINE
8
F.Cu
6
CONTINUOUS
10
95.201352
20
-130.80830899999998
11
95.1578129999999902
21
-130.8044999999999902
0
LINE
8
F.Cu
6
CONTINUOUS
10
95.1578129999999902
20
-130.8044999999999902
11
95.1578059999999937
21
-130.8044999999999902
0
LINE
8
F.Cu
6
CONTINUOUS
10
95.1578059999999937
20
-130.8044999999999902
11
93.418414999999996
21
-130.8044999999999902
0
LINE
8
F.Cu
6
CONTINUOUS
10
93.418414999999996
20
-130.8044999999999902
11
93.3680370000000011
21
-130.7861639999999852
0
LINE
8
F.Cu
6
CONTINUOUS
10
93.3680370000000011
20
-130.7861639999999852
11
93.3460529999999977
21
-130.756229999999988
0
LINE
8
F.Cu
6
CONTINUOUS
10
93.3460529999999977
20
-130.756229999999988
11
93.3420639999999935
21
-130.7466430000000059
0
LINE
8
F.Cu
6
CONTINUOUS
10
93.3420639999999935
20
-130.7466430000000059
11
93.3394029999999901
21
-130.7264260000000036
0
LINE
8
F.Cu
6
CONTINUOUS
10
93.3394029999999901
20
-130.7264260000000036
11
93.2920089999999931
21
-130.6247889999999927
0
LINE
8
F.Cu
6
CONTINUOUS
10
93.2920089999999931
20
-130.6247889999999927
11
93.2920069999999981
21
-130.6247869999999978
0
LINE
8
F.Cu
6
CONTINUOUS
10
93.2920069999999981
20
-130.6247869999999978
11
93.2920060000000007
21
-130.6247850000000028
0
LINE
8
F.Cu
6
CONTINUOUS
10
93.2920060000000007
20
-130.6247850000000028
11
93.2909109999999941
21
-130.6236899999999821
0
LINE
8
F.Cu
6
CONTINUOUS
10
93.2909109999999941
20
-130.6236899999999821
11
93.2909109999999941
21
-130.6236889999999846
0
LINE
8
F.Cu
6
CONTINUOUS
10
93.2909109999999941
20
-130.6236889999999846
11
93.2127150000000029
21
-130.5454929999999933
0
LINE
8
F.Cu
6
CONTINUOUS
10
93.2127150000000029
20
-130.5454929999999933
11
93.190778999999992
21
-130.5352639999999838
0
LINE
8
F.Cu
6
CONTINUOUS
10
93.190778999999992
20
-130.5352639999999838
11
93.1110740000000021
21
-130.4980970000000013
0
LINE
8
F.Cu
6
CONTINUOUS
10
93.1110740000000021
20
-130.4980970000000013
11
93.0647639999999967
21
-130.4919999999999902
0
LINE
8
F.Cu
6
CONTINUOUS
10
93.0647639999999967
20
-130.4919999999999902
11
93.0647579999999977
21
-130.4919999999999902
0
LINE
8
F.Cu
6
CONTINUOUS
10
93.0647579999999977
20
-130.4919999999999902
11
92.9958900000000028
21
-130.4919999999999902
0
LINE
8
F.Cu
6
CONTINUOUS
10
92.9958900000000028
20
-130.4919999999999902
11
92.9890619999999899
21
-130.4917020000000036
0
LINE
8
F.Cu
6
CONTINUOUS
10
92.9890619999999899
20
-130.4917020000000036
11
92.9810849999999931
21
-130.4910040000000038
0
LINE
8
F.Cu
6
CONTINUOUS
10
92.9810849999999931
20
-130.4910040000000038
11
92.9353129999999936
21
-130.4869999999999948
0
LINE
8
F.Cu
6
CONTINUOUS
10
92.9353129999999936
20
-130.4869999999999948
11
92.9353059999999971
21
-130.4869999999999948
0
LINE
8
F.Cu
6
CONTINUOUS
10
92.9353059999999971
20
-130.4869999999999948
11
92.4803289999999976
21
-130.4869999999999948
0
LINE
8
F.Cu
6
CONTINUOUS
10
92.4803289999999976
20
-130.4869999999999948
11
92.4626379999999983
21
-130.4893289999999979
0
LINE
8
F.Cu
6
CONTINUOUS
10
92.4626379999999983
20
-130.4893289999999979
11
92.4474369999999936
21
-130.4913300000000049
0
LINE
8
F.Cu
6
CONTINUOUS
10
92.4474369999999936
20
-130.4913300000000049
11
92.4372089999999957
21
-130.4919999999999902
0
LINE
8
F.Cu
6
CONTINUOUS
10
92.4372089999999957
20
-130.4919999999999902
11
92.4107529999999997
21
-130.4919999999999902
0
LINE
8
F.Cu
6
CONTINUOUS
10
92.4107529999999997
20
-130.4919999999999902
11
92.383946999999992
21
-130.4872729999999876
0
LINE
8
F.Cu
6
CONTINUOUS
10
92.383946999999992
20
-130.4872729999999876
11
92.3754709999999903
21
-130.484187999999989
0
LINE
8
F.Cu
6
CONTINUOUS
10
92.3754709999999903
20
-130.484187999999989
11
92.3648839999999893
21
-130.4753049999999917
0
LINE
8
F.Cu
6
CONTINUOUS
10
92.3648839999999893
20
-130.4753049999999917
11
92.3603749999999906
21
-130.4736639999999852
0
LINE
8
F.Cu
6
CONTINUOUS
10
92.3603749999999906
20
-130.4736639999999852
11
92.3579749999999962
21
-130.469506999999993
0
LINE
8
F.Cu
6
CONTINUOUS
10
92.3579749999999962
20
-130.469506999999993
11
92.3344019999999972
21
-130.4497279999999932
0
LINE
8
F.Cu
6
CONTINUOUS
10
92.3344019999999972
20
-130.4497279999999932
11
92.3250899999999888
21
-130.3969479999999805
0
LINE
8
F.Cu
6
CONTINUOUS
10
92.3250899999999888
20
-130.3969479999999805
11
92.3257259999999889
21
-130.393338
0
LINE
8
F.Cu
6
CONTINUOUS
10
92.3257259999999889
20
-130.393338
11
92.3407330000000002
21
-130.3592219999999884
0
LINE
8
F.Cu
6
CONTINUOUS
10
92.3407330000000002
20
-130.3592219999999884
11
92.3448769999999968
21
-130.3538199999999847
0
LINE
8
F.Cu
6
CONTINUOUS
10
92.3448769999999968
20
-130.3538199999999847
11
92.3459429999999912
21
-130.3464109999999891
0
LINE
8
F.Cu
6
CONTINUOUS
10
92.3459429999999912
20
-130.3464109999999891
11
92.3869029999999896
21
-130.2585739999999817
0
LINE
8
F.Cu
6
CONTINUOUS
10
92.3869029999999896
20
-130.2585739999999817
11
92.3874859999999956
21
-130.2541410000000042
0
LINE
8
F.Cu
6
CONTINUOUS
10
92.3874859999999956
20
-130.2541410000000042
11
92.3882109999999983
21
-130.2486439999999845
0
LINE
8
F.Cu
6
CONTINUOUS
10
92.3882109999999983
20
-130.2486439999999845
11
92.4129659999999973
21
-130.2010899999999936
0
LINE
8
F.Cu
6
CONTINUOUS
10
92.4129659999999973
20
-130.2010899999999936
11
92.462496999999999
21
-130.1805750000000046
0
LINE
8
F.Cu
6
CONTINUOUS
10
92.462496999999999
20
-130.1805750000000046
11
92.4659149999999954
21
-130.180499999999995
0
LINE
8
F.Cu
6
CONTINUOUS
10
92.4659149999999954
20
-130.180499999999995
11
96.9178829999999891
21
-130.180499999999995
0
LINE
8
F.Cu
6
CONTINUOUS
10
96.9178829999999891
20
-130.180499999999995
11
96.9460169999999977
21
-130.179271
0
LINE
8
F.Cu
6
CONTINUOUS
10
96.9460169999999977
20
-130.179271
11
96.9460229999999967
21
-130.1792700000000025
0
LINE
8
F.Cu
6
CONTINUOUS
10
96.9460229999999967
20
-130.1792700000000025
11
96.9460329999999999
21
-130.1792700000000025
0
LINE
8
F.Cu
6
CONTINUOUS
10
96.9460329999999999
20
-130.1792700000000025
11
96.9596429999999998
21
-130.1780789999999968
0
LINE
8
F.Cu
6
CONTINUOUS
10
96.9596429999999998
20
-130.1780789999999968
11
96.9741439999999955
21
-130.1761699999999848
0
LINE
8
F.Cu
6
CONTINUOUS
10
96.9741439999999955
20
-130.1761699999999848
11
96.9843729999999908
21
-130.1754999999999995
0
LINE
8
F.Cu
6
CONTINUOUS
10
96.9843729999999908
20
-130.1754999999999995
11
97.0962379999999996
21
-130.1754999999999995
0
LINE
8
F.Cu
6
CONTINUOUS
10
97.0962379999999996
20
-130.1754999999999995
11
97.096240999999992
21
-130.1754999999999995
0
LINE
8
F.Cu
6
CONTINUOUS
10
97.096240999999992
20
-130.1754999999999995
11
97.0962459999999936
21
-130.1754990000000021
0
LINE
8
F.Cu
6
CONTINUOUS
10
97.0962459999999936
20
-130.1754990000000021
11
97.0962479999999886
21
-130.1754990000000021
0
LINE
8
F.Cu
6
CONTINUOUS
10
97.0962479999999886
20
-130.1754990000000021
11
97.1949999999999932
21
-130.1598579999999856
0
LINE
8
F.Cu
6
CONTINUOUS
10
97.1949999999999932
20
-130.1598579999999856
11
97.2937599999999918
21
-130.1442160000000001
0
LINE
8
F.Cu
6
CONTINUOUS
10
97.2937599999999918
20
-130.1442160000000001
11
97.293762000000001
21
-130.1442150000000026
0
LINE
8
F.Cu
6
CONTINUOUS
10
97.293762000000001
20
-130.1442150000000026
11
97.2937639999999959
21
-130.1442150000000026
0
LINE
8
F.Cu
6
CONTINUOUS
10
97.2937639999999959
20
-130.1442150000000026
11
97.2940090000000026
21
-130.1441350000000057
0
LINE
8
F.Cu
6
CONTINUOUS
10
97.2940090000000026
20
-130.1441350000000057
11
97.2990819999999985
21
-130.1425079999999923
0
LINE
8
F.Cu
6
CONTINUOUS
10
97.2990819999999985
20
-130.1425079999999923
11
97.299326999999991
21
-130.1424069999999915
0
LINE
8
F.Cu
6
CONTINUOUS
10
97.299326999999991
20
-130.1424069999999915
11
97.4839529999999996
21
-130.0824189999999874
0
LINE
8
F.Cu
6
CONTINUOUS
10
97.4839529999999996
20
-130.0824189999999874
11
97.4839589999999987
21
-130.0824159999999949
0
LINE
8
F.Cu
6
CONTINUOUS
10
97.4839589999999987
20
-130.0824159999999949
11
97.4839599999999962
21
-130.0824159999999949
0
LINE
8
F.Cu
6
CONTINUOUS
10
97.4839599999999962
20
-130.0824159999999949
11
97.662124999999989
21
-129.9916350000000023
0
LINE
8
F.Cu
6
CONTINUOUS
10
97.662124999999989
20
-129.9916350000000023
11
97.6621239999999915
21
-129.9916350000000023
0
LINE
8
F.Cu
6
CONTINUOUS
10
97.6621239999999915
20
-129.9916350000000023
11
97.6621370000000013
21
-129.991628999999989
0
LINE
8
F.Cu
6
CONTINUOUS
10
97.6621370000000013
20
-129.991628999999989
11
97.8239249999999885
21
-129.8740829999999846
0
LINE
8
F.Cu
6
CONTINUOUS
10
97.8239249999999885
20
-129.8740829999999846
11
97.9653330000000011
21
-129.7326750000000004
0
LINE
8
F.Cu
6
CONTINUOUS
10
97.9653330000000011
20
-129.7326750000000004
11
98.0828789999999913
21
-129.570886999999999
0
LINE
8
F.Cu
6
CONTINUOUS
10
98.0828789999999913
20
-129.570886999999999
11
98.1736689999999896
21
-129.3927029999999831
0
LINE
8
F.Cu
6
CONTINUOUS
10
98.1736689999999896
20
-129.3927029999999831
11
98.2354660000000024
21
-129.2025099999999895
0
LINE
8
F.Cu
6
CONTINUOUS
10
98.2354660000000024
20
-129.2025099999999895
11
98.2667500000000018
21
-129.0049909999999898
0
LINE
8
F.Cu
6
CONTINUOUS
10
98.2667500000000018
20
-129.0049909999999898
11
98.2667500000000018
21
-128.8050089999999841
0
LINE
8
F.Cu
6
CONTINUOUS
10
98.2667500000000018
20
-128.8050089999999841
11
98.2534979999999933
21
-128.7213409999999953
0
LINE
8
F.Cu
6
CONTINUOUS
10
98.2534979999999933
20
-128.7213409999999953
11
98.2354669999999999
21
-128.6074950000000001
0
LINE
8
F.Cu
6
CONTINUOUS
10
98.2354669999999999
20
-128.6074950000000001
11
98.2354660000000024
21
-128.6074930000000052
0
LINE
8
F.Cu
6
CONTINUOUS
10
98.2354660000000024
20
-128.6074930000000052
11
98.2354660000000024
21
-128.6074899999999843
0
LINE
8
F.Cu
6
CONTINUOUS
10
98.2354660000000024
20
-128.6074899999999843
11
98.2354649999999907
21
-128.6074879999999894
0
LINE
8
F.Cu
6
CONTINUOUS
10
98.2354649999999907
20
-128.6074879999999894
11
98.2354649999999907
21
-128.6074849999999969
0
LINE
8
F.Cu
6
CONTINUOUS
10
98.2354649999999907
20
-128.6074849999999969
11
98.2353809999999896
21
-128.6072259999999972
0
LINE
8
F.Cu
6
CONTINUOUS
10
98.2353809999999896
20
-128.6072259999999972
11
98.2337550000000022
21
-128.6021599999999978
0
LINE
8
F.Cu
6
CONTINUOUS
10
98.2337550000000022
20
-128.6021599999999978
11
98.2336559999999963
21
-128.601918999999981
0
LINE
8
F.Cu
6
CONTINUOUS
10
98.2336559999999963
20
-128.601918999999981
11
98.1736689999999896
21
-128.4172959999999932
0
LINE
8
F.Cu
6
CONTINUOUS
10
98.1736689999999896
20
-128.4172959999999932
11
98.1736679999999922
21
-128.4172949999999958
0
LINE
8
F.Cu
6
CONTINUOUS
10
98.1736679999999922
20
-128.4172949999999958
11
98.1736669999999947
21
-128.4172900000000084
0
LINE
8
F.Cu
6
CONTINUOUS
10
98.1736669999999947
20
-128.4172900000000084
11
98.1736659999999972
21
-128.417287999999985
0
LINE
8
F.Cu
6
CONTINUOUS
10
98.1736659999999972
20
-128.417287999999985
11
98.0829829999999987
21
-128.2393150000000048
0
LINE
8
F.Cu
6
CONTINUOUS
10
98.0829829999999987
20
-128.2393150000000048
11
98.0828999999999951
21
-128.2391509999999926
0
LINE
8
F.Cu
6
CONTINUOUS
10
98.0828999999999951
20
-128.2391509999999926
11
98.0828849999999903
21
-128.2391240000000039
0
LINE
8
F.Cu
6
CONTINUOUS
10
98.0828849999999903
20
-128.2391240000000039
11
98.0828819999999979
21
-128.2391189999999881
0
LINE
8
F.Cu
6
CONTINUOUS
10
98.0828819999999979
20
-128.2391189999999881
11
98.0828789999999913
21
-128.2391130000000032
0
LINE
8
F.Cu
6
CONTINUOUS
10
98.0828789999999913
20
-128.2391130000000032
11
97.9653330000000011
21
-128.0773250000000019
0
LINE
8
F.Cu
6
CONTINUOUS
10
97.9653330000000011
20
-128.0773250000000019
11
97.9653319999999894
21
-128.0773240000000044
0
LINE
8
F.Cu
6
CONTINUOUS
10
97.9653319999999894
20
-128.0773240000000044
11
97.9653259999999904
21
-128.0773169999999936
0
LINE
8
F.Cu
6
CONTINUOUS
10
97.9653259999999904
20
-128.0773169999999936
11
97.9653199999999913
21
-128.0773099999999829
0
LINE
8
F.Cu
6
CONTINUOUS
10
97.9653199999999913
20
-128.0773099999999829
11
97.8239420000000024
21
-127.935931999999994
0
LINE
8
F.Cu
6
CONTINUOUS
10
97.8239420000000024
20
-127.935931999999994
11
97.823921999999996
21
-127.9359139999999968
0
LINE
8
F.Cu
6
CONTINUOUS
10
97.823921999999996
20
-127.9359139999999968
11
97.6621370000000013
21
-127.8183709999999991
0
LINE
8
F.Cu
6
CONTINUOUS
10
97.6621370000000013
20
-127.8183709999999991
11
97.6621099999999984
21
-127.8183549999999968
0
LINE
8
F.Cu
6
CONTINUOUS
10
97.6621099999999984
20
-127.8183549999999968
11
97.6620119999999901
21
-127.8183059999999927
0
LINE
8
F.Cu
6
CONTINUOUS
10
97.6620119999999901
20
-127.8183059999999927
11
97.4839529999999996
21
-127.727579999999989
0
LINE
8
F.Cu
6
CONTINUOUS
10
97.4839529999999996
20
-127.727579999999989
11
97.2937689999999975
21
-127.6657849999999996
0
LINE
8
F.Cu
6
CONTINUOUS
10
97.2937689999999975
20
-127.6657849999999996
11
97.2937649999999934
21
-127.6657839999999879
0
LINE
8
F.Cu
6
CONTINUOUS
10
97.2937649999999934
20
-127.6657839999999879
11
97.2937639999999959
21
-127.6657839999999879
0
LINE
8
F.Cu
6
CONTINUOUS
10
97.2937639999999959
20
-127.6657839999999879
11
97.2526709999999923
21
-127.6592749999999938
0
LINE
8
F.Cu
6
CONTINUOUS
10
97.2526709999999923
20
-127.6592749999999938
11
97.0962509999999952
21
-127.6344999999999885
0
LINE
8
F.Cu
6
CONTINUOUS
10
97.0962509999999952
20
-127.6344999999999885
11
97.0962459999999936
21
-127.6344999999999885
0
LINE
8
F.Cu
6
CONTINUOUS
10
97.0962459999999936
20
-127.6344999999999885
11
97.096240999999992
21
-127.6344999999999885
0
LINE
8
F.Cu
6
CONTINUOUS
10
97.096240999999992
20
-127.6344999999999885
11
96.8962590000000006
21
-127.6344999999999885
0
LINE
8
F.Cu
6
CONTINUOUS
10
96.8962590000000006
20
-127.6344999999999885
11
96.8962530000000015
21
-127.6344999999999885
0
LINE
8
F.Cu
6
CONTINUOUS
10
96.8962530000000015
20
-127.6344999999999885
11
96.8962470000000025
21
-127.6344999999999885
0
LINE
8
F.Cu
6
CONTINUOUS
10
96.8962470000000025
20
-127.6344999999999885
11
96.7342079999999953
21
-127.6601649999999921
0
LINE
8
F.Cu
6
CONTINUOUS
10
76.5120000000000005
20
-129.7791330000000016
11
76.513227999999998
21
-129.807266999999996
0
LINE
8
F.Cu
6
CONTINUOUS
10
76.513227999999998
20
-129.807266999999996
11
76.5144200000000012
21
-129.8208919999999864
0
LINE
8
F.Cu
6
CONTINUOUS
10
76.5144200000000012
20
-129.8208919999999864
11
76.5163299999999964
21
-129.835394000000008
0
LINE
8
F.Cu
6
CONTINUOUS
10
76.5163299999999964
20
-129.835394000000008
11
76.5169999999999959
21
-129.8456229999999891
0
LINE
8
F.Cu
6
CONTINUOUS
10
76.5169999999999959
20
-129.8456229999999891
11
76.5169999999999959
21
-129.8947639999999808
0
LINE
8
F.Cu
6
CONTINUOUS
10
76.5169999999999959
20
-129.8947639999999808
11
76.5230969999999928
21
-129.9410729999999887
0
LINE
8
F.Cu
6
CONTINUOUS
10
76.5230969999999928
20
-129.9410729999999887
11
76.5704909999999899
21
-130.0427119999999945
0
LINE
8
F.Cu
6
CONTINUOUS
10
76.5704909999999899
20
-130.0427119999999945
11
76.570494999999994
21
-130.0427169999999819
0
LINE
8
F.Cu
6
CONTINUOUS
10
76.570494999999994
20
-130.0427169999999819
11
76.6497779999999977
21
-130.1219999999999857
0
LINE
8
F.Cu
6
CONTINUOUS
10
76.6497779999999977
20
-130.1219999999999857
11
76.6497809999999902
21
-130.1220019999999806
0
LINE
8
F.Cu
6
CONTINUOUS
10
76.6497809999999902
20
-130.1220019999999806
11
76.6497849999999943
21
-130.1220059999999989
0
LINE
8
F.Cu
6
CONTINUOUS
10
76.6497849999999943
20
-130.1220059999999989
11
76.6497870000000034
21
-130.1220069999999964
0
LINE
8
F.Cu
6
CONTINUOUS
10
76.6497870000000034
20
-130.1220069999999964
11
76.6497889999999984
21
-130.1220089999999914
0
LINE
8
F.Cu
6
CONTINUOUS
10
76.6497889999999984
20
-130.1220089999999914
11
76.751425999999995
21
-130.1694029999999884
0
LINE
8
F.Cu
6
CONTINUOUS
10
76.751425999999995
20
-130.1694029999999884
11
76.7977360000000004
21
-130.1754999999999995
0
LINE
8
F.Cu
6
CONTINUOUS
10
76.7977360000000004
20
-130.1754999999999995
11
76.7977419999999995
21
-130.1754999999999995
0
LINE
8
F.Cu
6
CONTINUOUS
10
76.7977419999999995
20
-130.1754999999999995
11
76.8781620000000032
21
-130.1754999999999995
0
LINE
8
F.Cu
6
CONTINUOUS
10
76.8781620000000032
20
-130.1754999999999995
11
76.8917730000000006
21
-130.1766910000000053
0
LINE
8
F.Cu
6
CONTINUOUS
10
76.8917730000000006
20
-130.1766910000000053
11
76.9133719999999954
21
-130.180499999999995
0
LINE
8
F.Cu
6
CONTINUOUS
10
76.9133719999999954
20
-130.180499999999995
11
76.913375000000002
21
-130.180499999999995
0
LINE
8
F.Cu
6
CONTINUOUS
10
76.913375000000002
20
-130.180499999999995
11
77.289755999999997
21
-130.180499999999995
0
LINE
8
F.Cu
6
CONTINUOUS
10
77.289755999999997
20
-130.180499999999995
11
77.3401339999999919
21
-130.198836
0
LINE
8
F.Cu
6
CONTINUOUS
10
77.3401339999999919
20
-130.198836
11
77.3483339999999941
21
-130.2068050000000028
0
LINE
8
F.Cu
6
CONTINUOUS
10
77.3483339999999941
20
-130.2068050000000028
11
77.7102299999999957
21
-130.6139369999999928
0
LINE
8
F.Cu
6
CONTINUOUS
10
77.7102299999999957
20
-130.6139369999999928
11
78.2448029999999903
21
-131.2153319999999894
0
LINE
8
F.Cu
6
CONTINUOUS
10
78.2448029999999903
20
-131.2153319999999894
11
78.3972029999999904
21
-131.3867809999999849
0
LINE
8
F.Cu
6
CONTINUOUS
10
78.3972029999999904
20
-131.3867809999999849
11
78.4169679999999971
21
-131.436616999999984
0
LINE
8
F.Cu
6
CONTINUOUS
10
78.4169679999999971
20
-131.436616999999984
11
78.4170000000000016
21
-131.4388509999999997
0
LINE
8
F.Cu
6
CONTINUOUS
10
78.4170000000000016
20
-131.4388509999999997
11
78.4170000000000016
21
-132.0016329999999982
0
LINE
8
F.Cu
6
CONTINUOUS
10
78.4170000000000016
20
-132.0016329999999982
11
78.4182279999999992
21
-132.0297669999999925
0
LINE
8
F.Cu
6
CONTINUOUS
10
78.4182279999999992
20
-132.0297669999999925
11
78.4194200000000023
21
-132.043391999999983
0
LINE
8
F.Cu
6
CONTINUOUS
10
78.4194200000000023
20
-132.043391999999983
11
78.4213299999999975
21
-132.0578940000000046
0
LINE
8
F.Cu
6
CONTINUOUS
10
78.4213299999999975
20
-132.0578940000000046
11
78.421999999999997
21
-132.0681229999999857
0
LINE
8
F.Cu
6
CONTINUOUS
10
78.421999999999997
20
-132.0681229999999857
11
78.421999999999997
21
-132.1172640000000058
0
LINE
8
F.Cu
6
CONTINUOUS
10
78.421999999999997
20
-132.1172640000000058
11
78.428096999999994
21
-132.1635729999999853
0
LINE
8
F.Cu
6
CONTINUOUS
10
78.428096999999994
20
-132.1635729999999853
11
78.475490999999991
21
-132.2652119999999911
0
LINE
8
F.Cu
6
CONTINUOUS
10
78.475490999999991
20
-132.2652119999999911
11
78.4754949999999951
21
-132.2652170000000069
0
LINE
8
F.Cu
6
CONTINUOUS
10
78.4754949999999951
20
-132.2652170000000069
11
78.5547779999999989
21
-132.3444999999999823
0
LINE
8
F.Cu
6
CONTINUOUS
10
78.5547779999999989
20
-132.3444999999999823
11
78.5547809999999913
21
-132.3445020000000056
0
LINE
8
F.Cu
6
CONTINUOUS
10
78.5547809999999913
20
-132.3445020000000056
11
78.5547849999999954
21
-132.3445059999999955
0
LINE
8
F.Cu
6
CONTINUOUS
10
78.5547849999999954
20
-132.3445059999999955
11
78.5547869999999904
21
-132.344506999999993
0
LINE
8
F.Cu
6
CONTINUOUS
10
78.5547869999999904
20
-132.344506999999993
11
78.5547889999999995
21
-132.344508999999988
0
LINE
8
F.Cu
6
CONTINUOUS
10
78.5547889999999995
20
-132.344508999999988
11
78.6564259999999962
21
-132.391902999999985
0
LINE
8
F.Cu
6
CONTINUOUS
10
78.6564259999999962
20
-132.391902999999985
11
78.7027360000000016
21
-132.3979999999999961
0
LINE
8
F.Cu
6
CONTINUOUS
10
78.7027360000000016
20
-132.3979999999999961
11
78.7027420000000006
21
-132.3979999999999961
0
LINE
8
F.Cu
6
CONTINUOUS
10
78.7027420000000006
20
-132.3979999999999961
11
78.7831619999999901
21
-132.3979999999999961
0
LINE
8
F.Cu
6
CONTINUOUS
10
78.7831619999999901
20
-132.3979999999999961
11
78.7967730000000017
21
-132.3991910000000018
0
LINE
8
F.Cu
6
CONTINUOUS
10
78.7967730000000017
20
-132.3991910000000018
11
78.8183719999999965
21
-132.4029999999999916
0
LINE
8
F.Cu
6
CONTINUOUS
10
78.8183719999999965
20
-132.4029999999999916
11
79.9316249999999968
21
-132.4029999999999916
0
LINE
8
F.Cu
6
CONTINUOUS
10
79.9316249999999968
20
-132.4029999999999916
11
79.9316329999999908
21
-132.4029999999999916
0
LINE
8
F.Cu
6
CONTINUOUS
10
79.9316329999999908
20
-132.4029999999999916
11
79.9597669999999994
21
-132.4017709999999965
0
LINE
8
F.Cu
6
CONTINUOUS
10
79.9597669999999994
20
-132.4017709999999965
11
79.9597729999999984
21
-132.4017699999999991
0
LINE
8
F.Cu
6
CONTINUOUS
10
79.9597729999999984
20
-132.4017699999999991
11
79.9597830000000016
21
-132.4017699999999991
0
LINE
8
F.Cu
6
CONTINUOUS
10
79.9597830000000016
20
-132.4017699999999991
11
79.9733930000000015
21
-132.4005789999999934
0
LINE
8
F.Cu
6
CONTINUOUS
10
79.9733930000000015
20
-132.4005789999999934
11
79.9878939999999972
21
-132.3986699999999814
0
LINE
8
F.Cu
6
CONTINUOUS
10
79.9878939999999972
20
-132.3986699999999814
11
79.9981229999999925
21
-132.3979999999999961
0
LINE
8
F.Cu
6
CONTINUOUS
10
79.9981229999999925
20
-132.3979999999999961
11
80.0472579999999994
21
-132.3979999999999961
0
LINE
8
F.Cu
6
CONTINUOUS
10
80.0472579999999994
20
-132.3979999999999961
11
80.0472639999999984
21
-132.3979999999999961
0
LINE
8
F.Cu
6
CONTINUOUS
10
80.0472639999999984
20
-132.3979999999999961
11
80.0935739999999896
21
-132.391902999999985
0
LINE
8
F.Cu
6
CONTINUOUS
10
80.0935739999999896
20
-132.391902999999985
11
80.1952110000000005
21
-132.344508999999988
0
LINE
8
F.Cu
6
CONTINUOUS
10
80.1952110000000005
20
-132.344508999999988
11
80.2745089999999948
21
-132.2652109999999936
0
LINE
8
F.Cu
6
CONTINUOUS
10
80.2745089999999948
20
-132.2652109999999936
11
80.3219029999999918
21
-132.1635739999999828
0
LINE
8
F.Cu
6
CONTINUOUS
10
80.3219029999999918
20
-132.1635739999999828
11
80.328000000000003
21
-132.1172640000000058
0
LINE
8
F.Cu
6
CONTINUOUS
10
80.328000000000003
20
-132.1172640000000058
11
80.328000000000003
21
-132.0368369999999913
0
LINE
8
F.Cu
6
CONTINUOUS
10
80.328000000000003
20
-132.0368369999999913
11
80.3291909999999945
21
-132.0232249999999965
0
LINE
8
F.Cu
6
CONTINUOUS
10
80.3291909999999945
20
-132.0232249999999965
11
80.3329999999999984
21
-132.0016259999999875
0
LINE
8
F.Cu
6
CONTINUOUS
10
80.3329999999999984
20
-132.0016259999999875
11
80.3329999999999984
21
-131.2058659999999861
0
LINE
8
F.Cu
6
CONTINUOUS
10
80.3329999999999984
20
-131.2058659999999861
11
80.3317710000000034
21
-131.1777319999999918
0
LINE
8
F.Cu
6
CONTINUOUS
10
80.3317710000000034
20
-131.1777319999999918
11
80.3305790000000002
21
-131.1641070000000013
0
LINE
8
F.Cu
6
CONTINUOUS
10
80.3305790000000002
20
-131.1641070000000013
11
80.3286700000000025
21
-131.1496050000000082
0
LINE
8
F.Cu
6
CONTINUOUS
10
80.3286700000000025
20
-131.1496050000000082
11
80.328000000000003
21
-131.1393759999999986
0
LINE
8
F.Cu
6
CONTINUOUS
10
80.328000000000003
20
-131.1393759999999986
11
80.328000000000003
21
-131.0902419999999893
0
LINE
8
F.Cu
6
CONTINUOUS
10
80.328000000000003
20
-131.0902419999999893
11
80.328000000000003
21
-131.0902360000000044
0
LINE
8
F.Cu
6
CONTINUOUS
10
80.328000000000003
20
-131.0902360000000044
11
80.3219029999999918
21
-131.043925999999999
0
LINE
8
F.Cu
6
CONTINUOUS
10
80.3219029999999918
20
-131.043925999999999
11
80.2745089999999948
21
-130.9422889999999882
0
LINE
8
F.Cu
6
CONTINUOUS
10
80.2745089999999948
20
-130.9422889999999882
11
80.2745069999999998
21
-130.9422869999999932
0
LINE
8
F.Cu
6
CONTINUOUS
10
80.2745069999999998
20
-130.9422869999999932
11
80.2745060000000024
21
-130.9422849999999983
0
LINE
8
F.Cu
6
CONTINUOUS
10
80.2745060000000024
20
-130.9422849999999983
11
80.2745029999999957
21
-130.9422820000000058
0
LINE
8
F.Cu
6
CONTINUOUS
10
80.2745029999999957
20
-130.9422820000000058
11
80.2745010000000008
21
-130.942278999999985
0
LINE
8
F.Cu
6
CONTINUOUS
10
80.2745010000000008
20
-130.942278999999985
11
80.1952149999999904
21
-130.8629929999999888
0
LINE
8
F.Cu
6
CONTINUOUS
10
80.1952149999999904
20
-130.8629929999999888
11
80.1952089999999913
21
-130.8629899999999964
0
LINE
8
F.Cu
6
CONTINUOUS
10
80.1952089999999913
20
-130.8629899999999964
11
80.0935739999999896
21
-130.8155969999999968
0
LINE
8
F.Cu
6
CONTINUOUS
10
80.0935739999999896
20
-130.8155969999999968
11
80.0472639999999984
21
-130.8094999999999857
0
LINE
8
F.Cu
6
CONTINUOUS
10
80.0472639999999984
20
-130.8094999999999857
11
80.0472579999999994
21
-130.8094999999999857
0
LINE
8
F.Cu
6
CONTINUOUS
10
80.0472579999999994
20
-130.8094999999999857
11
79.9668379999999956
21
-130.8094999999999857
0
LINE
8
F.Cu
6
CONTINUOUS
10
79.9668379999999956
20
-130.8094999999999857
11
79.9532269999999983
21
-130.80830899999998
0
LINE
8
F.Cu
6
CONTINUOUS
10
79.9532269999999983
20
-130.80830899999998
11
79.9316280000000035
21
-130.8044999999999902
0
LINE
8
F.Cu
6
CONTINUOUS
10
79.9316280000000035
20
-130.8044999999999902
11
79.9316249999999968
21
-130.8044999999999902
0
LINE
8
F.Cu
6
CONTINUOUS
10
79.9316249999999968
20
-130.8044999999999902
11
79.5552449999999993
21
-130.8044999999999902
0
LINE
8
F.Cu
6
CONTINUOUS
10
79.5552449999999993
20
-130.8044999999999902
11
79.5048669999999902
21
-130.7861639999999852
0
LINE
8
F.Cu
6
CONTINUOUS
10
79.5048669999999902
20
-130.7861639999999852
11
79.4966670000000022
21
-130.7781949999999824
0
LINE
8
F.Cu
6
CONTINUOUS
10
79.4966670000000022
20
-130.7781949999999824
11
79.2476039999999955
21
-130.4979999999999905
0
LINE
8
F.Cu
6
CONTINUOUS
10
79.2476039999999955
20
-130.4979999999999905
11
79.0813320000000033
21
-130.3109440000000063
0
LINE
8
F.Cu
6
CONTINUOUS
10
79.0813320000000033
20
-130.3109440000000063
11
79.0615679999999941
21
-130.2611090000000047
0
LINE
8
F.Cu
6
CONTINUOUS
10
79.0615679999999941
20
-130.2611090000000047
11
79.0784599999999926
21
-130.2102289999999982
0
LINE
8
F.Cu
6
CONTINUOUS
10
79.0784599999999926
20
-130.2102289999999982
11
79.1241069999999951
21
-130.1821099999999944
0
LINE
8
F.Cu
6
CONTINUOUS
10
79.1241069999999951
20
-130.1821099999999944
11
79.1399109999999979
21
-130.180499999999995
0
LINE
8
F.Cu
6
CONTINUOUS
10
79.1399109999999979
20
-130.180499999999995
11
82.476585
21
-130.180499999999995
0
LINE
8
F.Cu
6
CONTINUOUS
10
82.476585
20
-130.180499999999995
11
82.526962999999995
21
-130.198836
0
LINE
8
F.Cu
6
CONTINUOUS
10
82.526962999999995
20
-130.198836
11
82.5489479999999958
21
-130.2287699999999973
0
LINE
8
F.Cu
6
CONTINUOUS
10
82.5489479999999958
20
-130.2287699999999973
11
82.5529339999999934
21
-130.2383529999999894
0
LINE
8
F.Cu
6
CONTINUOUS
10
82.5529339999999934
20
-130.2383529999999894
11
82.5555969999999917
21
-130.2585739999999817
0
LINE
8
F.Cu
6
CONTINUOUS
10
82.5555969999999917
20
-130.2585739999999817
11
82.6029910000000029
21
-130.3602109999999925
0
LINE
8
F.Cu
6
CONTINUOUS
10
82.6029910000000029
20
-130.3602109999999925
11
82.6029920000000004
21
-130.36021199999999
0
LINE
8
F.Cu
6
CONTINUOUS
10
82.6029920000000004
20
-130.36021199999999
11
82.6029929999999979
21
-130.3602139999999849
0
LINE
8
F.Cu
6
CONTINUOUS
10
82.6029929999999979
20
-130.3602139999999849
11
82.6040859999999952
21
-130.3613069999999823
0
LINE
8
F.Cu
6
CONTINUOUS
10
82.6040859999999952
20
-130.3613069999999823
11
82.6040869999999927
21
-130.3613090000000057
0
LINE
8
F.Cu
6
CONTINUOUS
10
82.6040869999999927
20
-130.3613090000000057
11
82.6822779999999966
21
-130.4394999999999811
0
LINE
8
F.Cu
6
CONTINUOUS
10
82.6822779999999966
20
-130.4394999999999811
11
82.6822810000000032
21
-130.4395020000000045
0
LINE
8
F.Cu
6
CONTINUOUS
10
82.6822810000000032
20
-130.4395020000000045
11
82.6822849999999931
21
-130.4395059999999944
0
LINE
8
F.Cu
6
CONTINUOUS
10
82.6822849999999931
20
-130.4395059999999944
11
82.6822870000000023
21
-130.4395069999999919
0
LINE
8
F.Cu
6
CONTINUOUS
10
82.6822870000000023
20
-130.4395069999999919
11
82.6822889999999973
21
-130.4395089999999868
0
LINE
8
F.Cu
6
CONTINUOUS
10
82.6822889999999973
20
-130.4395089999999868
11
82.7839259999999939
21
-130.4869029999999839
0
LINE
8
F.Cu
6
CONTINUOUS
10
82.7839259999999939
20
-130.4869029999999839
11
82.8302359999999993
21
-130.492999999999995
0
LINE
8
F.Cu
6
CONTINUOUS
10
82.8302359999999993
20
-130.492999999999995
11
82.8302419999999984
21
-130.492999999999995
0
LINE
8
F.Cu
6
CONTINUOUS
10
82.8302419999999984
20
-130.492999999999995
11
82.8990459999999985
21
-130.492999999999995
0
LINE
8
F.Cu
6
CONTINUOUS
10
82.8990459999999985
20
-130.492999999999995
11
82.8993269999999995
21
-130.4930009999999925
0
LINE
8
F.Cu
6
CONTINUOUS
10
82.8993269999999995
20
-130.4930009999999925
11
82.9031599999999997
21
-130.4930139999999881
0
LINE
8
F.Cu
6
CONTINUOUS
10
82.9031599999999997
20
-130.4930139999999881
11
82.9035930000000008
21
-130.4930909999999926
0
LINE
8
F.Cu
6
CONTINUOUS
10
82.9035930000000008
20
-130.4930909999999926
11
82.9036040000000014
21
-130.4930929999999876
0
LINE
8
F.Cu
6
CONTINUOUS
10
82.9036040000000014
20
-130.4930929999999876
11
82.9250109999999978
21
-130.4930929999999876
0
LINE
8
F.Cu
6
CONTINUOUS
10
82.9250109999999978
20
-130.4930929999999876
11
82.9252899999999897
21
-130.493093999999985
0
LINE
8
F.Cu
6
CONTINUOUS
10
82.9252899999999897
20
-130.493093999999985
11
82.9253739999999908
21
-130.4931239999999946
0
LINE
8
F.Cu
6
CONTINUOUS
10
82.9253739999999908
20
-130.4931239999999946
11
82.9386169999999936
21
-130.4942829999999958
0
LINE
8
F.Cu
6
CONTINUOUS
10
82.9386169999999936
20
-130.4942829999999958
11
82.9459579999999903
21
-130.4955779999999947
0
LINE
8
F.Cu
6
CONTINUOUS
10
82.9459579999999903
20
-130.4955779999999947
11
82.9596919999999898
21
-130.4979999999999905
0
LINE
8
F.Cu
6
CONTINUOUS
10
82.9596919999999898
20
-130.4979999999999905
11
82.9596939999999989
21
-130.4979999999999905
0
LINE
8
F.Cu
6
CONTINUOUS
10
82.9596939999999989
20
-130.4979999999999905
11
83.4146689999999893
21
-130.4979999999999905
0
LINE
8
F.Cu
6
CONTINUOUS
10
83.4146689999999893
20
-130.4979999999999905
11
83.4146709999999985
21
-130.4979999999999905
0
LINE
8
F.Cu
6
CONTINUOUS
10
83.4146709999999985
20
-130.4979999999999905
11
83.447542999999996
21
-130.4936710000000062
0
LINE
8
F.Cu
6
CONTINUOUS
10
83.447542999999996
20
-130.4936710000000062
11
83.4577759999999955
21
-130.492999999999995
0
LINE
8
F.Cu
6
CONTINUOUS
10
83.4577759999999955
20
-130.492999999999995
11
83.4842469999999963
21
-130.492999999999995
0
LINE
8
F.Cu
6
CONTINUOUS
10
83.4842469999999963
20
-130.492999999999995
11
83.5110449999999958
21
-130.4977240000000052
0
LINE
8
F.Cu
6
CONTINUOUS
10
83.5110449999999958
20
-130.4977240000000052
11
83.5195219999999949
21
-130.5008090000000038
0
LINE
8
F.Cu
6
CONTINUOUS
10
83.5195219999999949
20
-130.5008090000000038
11
83.5301130000000001
21
-130.5096929999999986
0
LINE
8
F.Cu
6
CONTINUOUS
10
83.5301130000000001
20
-130.5096929999999986
11
83.5346249999999912
21
-130.511336
0
LINE
8
F.Cu
6
CONTINUOUS
10
83.5346249999999912
20
-130.511336
11
83.5370240000000024
21
-130.5154909999999973
0
LINE
8
F.Cu
6
CONTINUOUS
10
83.5370240000000024
20
-130.5154909999999973
11
83.5605939999999947
21
-130.5352639999999838
0
LINE
8
F.Cu
6
CONTINUOUS
10
83.5605939999999947
20
-130.5352639999999838
11
83.5699079999999981
21
-130.588058999999987
0
LINE
8
F.Cu
6
CONTINUOUS
10
83.5699079999999981
20
-130.588058999999987
11
83.569903999999994
21
-130.5880870000000016
0
LINE
8
F.Cu
6
CONTINUOUS
10
83.569903999999994
20
-130.5880870000000016
11
83.5694199999999938
21
-130.5908279999999877
0
LINE
8
F.Cu
6
CONTINUOUS
10
83.5694199999999938
20
-130.5908279999999877
11
83.5596249999999969
21
-130.6096399999999846
0
LINE
8
F.Cu
6
CONTINUOUS
10
83.5596249999999969
20
-130.6096399999999846
11
83.5614520000000027
21
-130.6103970000000061
0
LINE
8
F.Cu
6
CONTINUOUS
10
83.5614520000000027
20
-130.6103970000000061
11
83.5599849999999975
21
-130.6139369999999928
0
LINE
8
F.Cu
6
CONTINUOUS
10
83.5599849999999975
20
-130.6139369999999928
11
83.5500589999999903
21
-130.6311239999999998
0
LINE
8
F.Cu
6
CONTINUOUS
10
83.5500589999999903
20
-130.6311239999999998
11
83.5489759999999961
21
-130.6387569999999982
0
LINE
8
F.Cu
6
CONTINUOUS
10
83.5489759999999961
20
-130.6387569999999982
11
83.5080969999999922
21
-130.7264239999999802
0
LINE
8
F.Cu
6
CONTINUOUS
10
83.5080969999999922
20
-130.7264239999999802
11
83.5080969999999922
21
-130.7264260000000036
0
LINE
8
F.Cu
6
CONTINUOUS
10
83.5080969999999922
20
-130.7264260000000036
11
83.5019999999999953
21
-130.7727359999999805
0
LINE
8
F.Cu
6
CONTINUOUS
10
83.5019999999999953
20
-130.7727359999999805
11
83.5019999999999953
21
-130.7727409999999963
0
LINE
8
F.Cu
6
CONTINUOUS
10
83.5019999999999953
20
-130.7727409999999963
11
83.5019999999999953
21
-130.841622000000001
0
LINE
8
F.Cu
6
CONTINUOUS
10
83.5019999999999953
20
-130.841622000000001
11
83.5017019999999945
21
-130.8484530000000063
0
LINE
8
F.Cu
6
CONTINUOUS
10
83.5017019999999945
20
-130.8484530000000063
11
83.4973820000000018
21
-130.897831999999994
0
LINE
8
F.Cu
6
CONTINUOUS
10
83.4973820000000018
20
-130.897831999999994
11
83.4969999999999999
21
-130.9021929999999827
0
LINE
8
F.Cu
6
CONTINUOUS
10
83.4969999999999999
20
-130.9021929999999827
11
83.4969999999999999
21
-132.3096699999999828
0
LINE
8
F.Cu
6
CONTINUOUS
10
83.4969999999999999
20
-132.3096699999999828
11
83.5010089999999963
21
-132.340124000000003
0
LINE
8
F.Cu
6
CONTINUOUS
10
83.5010089999999963
20
-132.340124000000003
11
83.5013299999999958
21
-132.3425609999999892
0
LINE
8
F.Cu
6
CONTINUOUS
10
83.5013299999999958
20
-132.3425609999999892
11
83.5019999999999953
21
-132.3527890000000014
0
LINE
8
F.Cu
6
CONTINUOUS
10
83.5019999999999953
20
-132.3527890000000014
11
83.5019999999999953
21
-132.4347640000000013
0
LINE
8
F.Cu
6
CONTINUOUS
10
83.5019999999999953
20
-132.4347640000000013
11
83.5080969999999922
21
-132.4810740000000067
0
LINE
8
F.Cu
6
CONTINUOUS
10
83.5080969999999922
20
-132.4810740000000067
11
83.5317939999999908
21
-132.5318919999999991
0
LINE
8
F.Cu
6
CONTINUOUS
10
83.5317939999999908
20
-132.5318919999999991
11
83.5554909999999893
21
-132.5827119999999866
0
LINE
8
F.Cu
6
CONTINUOUS
10
83.5554909999999893
20
-132.5827119999999866
11
83.5554949999999934
21
-132.5827170000000024
0
LINE
8
F.Cu
6
CONTINUOUS
10
83.5554949999999934
20
-132.5827170000000024
11
83.6347779999999972
21
-132.6620000000000061
0
LINE
8
F.Cu
6
CONTINUOUS
10
83.6347779999999972
20
-132.6620000000000061
11
83.6347809999999896
21
-132.6620020000000011
0
LINE
8
F.Cu
6
CONTINUOUS
10
83.6347809999999896
20
-132.6620020000000011
11
83.6347849999999937
21
-132.662005999999991
0
LINE
8
F.Cu
6
CONTINUOUS
10
83.6347849999999937
20
-132.662005999999991
11
83.6347870000000029
21
-132.6620069999999885
0
LINE
8
F.Cu
6
CONTINUOUS
10
83.6347870000000029
20
-132.6620069999999885
11
83.6347889999999978
21
-132.6620089999999834
0
LINE
8
F.Cu
6
CONTINUOUS
10
83.6347889999999978
20
-132.6620089999999834
11
83.7364259999999945
21
-132.7094029999999805
0
LINE
8
F.Cu
6
CONTINUOUS
10
83.7364259999999945
20
-132.7094029999999805
11
83.7827359999999999
21
-132.7154999999999916
0
LINE
8
F.Cu
6
CONTINUOUS
10
83.7827359999999999
20
-132.7154999999999916
11
83.7827419999999989
21
-132.7154999999999916
0
LINE
8
F.Cu
6
CONTINUOUS
10
83.7827419999999989
20
-132.7154999999999916
11
83.8516229999999894
21
-132.7154999999999916
0
LINE
8
F.Cu
6
CONTINUOUS
10
83.8516229999999894
20
-132.7154999999999916
11
83.8584519999999998
21
-132.7157969999999807
0
LINE
8
F.Cu
6
CONTINUOUS
10
83.8584519999999998
20
-132.7157969999999807
11
83.9121939999999995
21
-132.720499999999987
0
LINE
8
F.Cu
6
CONTINUOUS
10
83.9121939999999995
20
-132.720499999999987
11
84.3671689999999899
21
-132.720499999999987
0
LINE
8
F.Cu
6
CONTINUOUS
10
84.3671689999999899
20
-132.720499999999987
11
84.367170999999999
21
-132.720499999999987
0
LINE
8
F.Cu
6
CONTINUOUS
10
84.367170999999999
20
-132.720499999999987
11
84.4000429999999966
21
-132.7161710000000028
0
LINE
8
F.Cu
6
CONTINUOUS
10
84.4000429999999966
20
-132.7161710000000028
11
84.4102759999999961
21
-132.7154999999999916
0
LINE
8
F.Cu
6
CONTINUOUS
10
84.4102759999999961
20
-132.7154999999999916
11
84.4922579999999925
21
-132.7154999999999916
0
LINE
8
F.Cu
6
CONTINUOUS
10
84.4922579999999925
20
-132.7154999999999916
11
84.4922639999999916
21
-132.7154999999999916
0
LINE
8
F.Cu
6
CONTINUOUS
10
84.4922639999999916
20
-132.7154999999999916
11
84.538573999999997
21
-132.7094029999999805
0
LINE
8
F.Cu
6
CONTINUOUS
10
84.538573999999997
20
-132.7094029999999805
11
84.6402109999999936
21
-132.6620089999999834
0
LINE
8
F.Cu
6
CONTINUOUS
10
84.6402109999999936
20
-132.6620089999999834
11
84.7195090000000022
21
-132.5827109999999891
0
LINE
8
F.Cu
6
CONTINUOUS
10
84.7195090000000022
20
-132.5827109999999891
11
84.7669029999999992
21
-132.4810740000000067
0
LINE
8
F.Cu
6
CONTINUOUS
10
84.7669029999999992
20
-132.4810740000000067
11
84.7673949999999934
21
-132.4773309999999924
0
LINE
8
F.Cu
6
CONTINUOUS
10
84.7673949999999934
20
-132.4773309999999924
11
84.7682109999999938
21
-132.4711439999999811
0
LINE
8
F.Cu
6
CONTINUOUS
10
84.7682109999999938
20
-132.4711439999999811
11
84.7929659999999927
21
-132.4235899999999901
0
LINE
8
F.Cu
6
CONTINUOUS
10
84.7929659999999927
20
-132.4235899999999901
11
84.8424969999999945
21
-132.4030750000000012
0
LINE
8
F.Cu
6
CONTINUOUS
10
84.8424969999999945
20
-132.4030750000000012
11
84.8459149999999909
21
-132.4029999999999916
0
LINE
8
F.Cu
6
CONTINUOUS
10
84.8459149999999909
20
-132.4029999999999916
11
89.4471690000000024
21
-132.4029999999999916
0
LINE
8
F.Cu
6
CONTINUOUS
10
89.4471690000000024
20
-132.4029999999999916
11
89.4471709999999973
21
-132.4029999999999916
0
LINE
8
F.Cu
6
CONTINUOUS
10
89.4471709999999973
20
-132.4029999999999916
11
89.4800429999999949
21
-132.3986710000000073
0
LINE
8
F.Cu
6
CONTINUOUS
10
89.4800429999999949
20
-132.3986710000000073
11
89.4902759999999944
21
-132.3979999999999961
0
LINE
8
F.Cu
6
CONTINUOUS
10
89.4902759999999944
20
-132.3979999999999961
11
89.5722579999999908
21
-132.3979999999999961
0
LINE
8
F.Cu
6
CONTINUOUS
10
89.5722579999999908
20
-132.3979999999999961
11
89.5722639999999899
21
-132.3979999999999961
0
LINE
8
F.Cu
6
CONTINUOUS
10
89.5722639999999899
20
-132.3979999999999961
11
89.6185739999999953
21
-132.391902999999985
0
LINE
8
F.Cu
6
CONTINUOUS
10
89.6185739999999953
20
-132.391902999999985
11
89.7202109999999919
21
-132.344508999999988
0
LINE
8
F.Cu
6
CONTINUOUS
10
89.7202109999999919
20
-132.344508999999988
11
89.7995090000000005
21
-132.2652109999999936
0
LINE
8
F.Cu
6
CONTINUOUS
10
89.7995090000000005
20
-132.2652109999999936
11
89.8469029999999975
21
-132.1635739999999828
0
LINE
8
F.Cu
6
CONTINUOUS
10
89.8469029999999975
20
-132.1635739999999828
11
89.8529999999999944
21
-132.1172640000000058
0
LINE
8
F.Cu
6
CONTINUOUS
10
89.8529999999999944
20
-132.1172640000000058
11
89.8529999999999944
21
-132.048372999999998
0
LINE
8
F.Cu
6
CONTINUOUS
10
89.8529999999999944
20
-132.048372999999998
11
89.8532969999999978
21
-132.0415539999999908
0
LINE
8
F.Cu
6
CONTINUOUS
10
89.8532969999999978
20
-132.0415539999999908
11
89.8579999999999899
21
-131.9878060000000062
0
LINE
8
F.Cu
6
CONTINUOUS
10
89.8579999999999899
20
-131.9878060000000062
11
89.8579999999999899
21
-131.215328999999997
0
LINE
8
F.Cu
6
CONTINUOUS
10
89.8579999999999899
20
-131.215328999999997
11
89.8536709999999914
21
-131.1824519999999836
0
LINE
8
F.Cu
6
CONTINUOUS
10
89.8536709999999914
20
-131.1824519999999836
11
89.8529999999999944
21
-131.1722199999999816
0
LINE
8
F.Cu
6
CONTINUOUS
10
89.8529999999999944
20
-131.1722199999999816
11
89.8529999999999944
21
-131.0902419999999893
0
LINE
8
F.Cu
6
CONTINUOUS
10
89.8529999999999944
20
-131.0902419999999893
11
89.8529999999999944
21
-131.0902360000000044
0
LINE
8
F.Cu
6
CONTINUOUS
10
89.8529999999999944
20
-131.0902360000000044
11
89.8469029999999975
21
-131.043925999999999
0
LINE
8
F.Cu
6
CONTINUOUS
10
89.8469029999999975
20
-131.043925999999999
11
89.7995090000000005
21
-130.9422889999999882
0
LINE
8
F.Cu
6
CONTINUOUS
10
89.7995090000000005
20
-130.9422889999999882
11
89.7995069999999913
21
-130.9422869999999932
0
LINE
8
F.Cu
6
CONTINUOUS
10
89.7995069999999913
20
-130.9422869999999932
11
89.7995059999999938
21
-130.9422849999999983
0
LINE
8
F.Cu
6
CONTINUOUS
10
89.7995059999999938
20
-130.9422849999999983
11
89.7995030000000014
21
-130.9422820000000058
0
LINE
8
F.Cu
6
CONTINUOUS
10
89.7995030000000014
20
-130.9422820000000058
11
89.7995009999999922
21
-130.942278999999985
0
LINE
8
F.Cu
6
CONTINUOUS
10
89.7995009999999922
20
-130.942278999999985
11
89.7202159999999935
21
-130.8629939999999863
0
LINE
8
F.Cu
6
CONTINUOUS
10
89.7202159999999935
20
-130.8629939999999863
11
89.7202130000000011
21
-130.8629919999999913
0
LINE
8
F.Cu
6
CONTINUOUS
10
89.7202130000000011
20
-130.8629919999999913
11
89.720208999999997
21
-130.8629889999999989
0
LINE
8
F.Cu
6
CONTINUOUS
10
89.720208999999997
20
-130.8629889999999989
11
89.673484000000002
21
-130.8412019999999814
0
LINE
8
F.Cu
6
CONTINUOUS
10
89.673484000000002
20
-130.8412019999999814
11
89.6734829999999903
21
-130.8412009999999839
0
LINE
8
F.Cu
6
CONTINUOUS
10
89.6734829999999903
20
-130.8412009999999839
11
89.6185749999999928
21
-130.8155969999999968
0
LINE
8
F.Cu
6
CONTINUOUS
10
89.6185749999999928
20
-130.8155969999999968
11
89.6119580000000013
21
-130.8147260000000074
0
LINE
8
F.Cu
6
CONTINUOUS
10
89.6119580000000013
20
-130.8147260000000074
11
89.5722639999999899
21
-130.8094999999999857
0
LINE
8
F.Cu
6
CONTINUOUS
10
89.5722639999999899
20
-130.8094999999999857
11
89.5722579999999908
21
-130.8094999999999857
0
LINE
8
F.Cu
6
CONTINUOUS
10
89.5722579999999908
20
-130.8094999999999857
11
89.503389999999996
21
-130.8094999999999857
0
LINE
8
F.Cu
6
CONTINUOUS
10
89.503389999999996
20
-130.8094999999999857
11
89.4965619999999973
21
-130.8092019999999991
0
LINE
8
F.Cu
6
CONTINUOUS
10
89.4965619999999973
20
-130.8092019999999991
11
89.4863519999999966
21
-130.80830899999998
0
LINE
8
F.Cu
6
CONTINUOUS
10
89.4863519999999966
20
-130.80830899999998
11
89.442813000000001
21
-130.8044999999999902
0
LINE
8
F.Cu
6
CONTINUOUS
10
89.442813000000001
20
-130.8044999999999902
11
89.4428059999999903
21
-130.8044999999999902
0
LINE
8
F.Cu
6
CONTINUOUS
10
89.4428059999999903
20
-130.8044999999999902
11
84.8459149999999909
21
-130.8044999999999902
0
LINE
8
F.Cu
6
CONTINUOUS
10
84.8459149999999909
20
-130.8044999999999902
11
84.7955369999999959
21
-130.7861639999999852
0
LINE
8
F.Cu
6
CONTINUOUS
10
84.7955369999999959
20
-130.7861639999999852
11
84.7735529999999926
21
-130.756229999999988
0
LINE
8
F.Cu
6
CONTINUOUS
10
84.7735529999999926
20
-130.756229999999988
11
84.7695640000000026
21
-130.7466430000000059
0
LINE
8
F.Cu
6
CONTINUOUS
10
84.7695640000000026
20
-130.7466430000000059
11
84.7669029999999992
21
-130.7264260000000036
0
LINE
8
F.Cu
6
CONTINUOUS
10
84.7669029999999992
20
-130.7264260000000036
11
84.7195090000000022
21
-130.6247889999999927
0
LINE
8
F.Cu
6
CONTINUOUS
10
84.7195090000000022
20
-130.6247889999999927
11
84.719506999999993
21
-130.6247869999999978
0
LINE
8
F.Cu
6
CONTINUOUS
10
84.719506999999993
20
-130.6247869999999978
11
84.7195059999999955
21
-130.6247850000000028
0
LINE
8
F.Cu
6
CONTINUOUS
10
84.7195059999999955
20
-130.6247850000000028
11
84.7184110000000032
21
-130.6236899999999821
0
LINE
8
F.Cu
6
CONTINUOUS
10
84.7184110000000032
20
-130.6236899999999821
11
84.7184110000000032
21
-130.6236889999999846
0
LINE
8
F.Cu
6
CONTINUOUS
10
84.7184110000000032
20
-130.6236889999999846
11
84.6402149999999978
21
-130.5454929999999933
0
LINE
8
F.Cu
6
CONTINUOUS
10
84.6402149999999978
20
-130.5454929999999933
11
84.6182790000000011
21
-130.5352639999999838
0
LINE
8
F.Cu
6
CONTINUOUS
10
84.6182790000000011
20
-130.5352639999999838
11
84.538573999999997
21
-130.4980970000000013
0
LINE
8
F.Cu
6
CONTINUOUS
10
84.538573999999997
20
-130.4980970000000013
11
84.4922639999999916
21
-130.4919999999999902
0
LINE
8
F.Cu
6
CONTINUOUS
10
84.4922639999999916
20
-130.4919999999999902
11
84.4922579999999925
21
-130.4919999999999902
0
LINE
8
F.Cu
6
CONTINUOUS
10
84.4922579999999925
20
-130.4919999999999902
11
84.4233899999999977
21
-130.4919999999999902
0
LINE
8
F.Cu
6
CONTINUOUS
10
84.4233899999999977
20
-130.4919999999999902
11
84.416561999999999
21
-130.4917020000000036
0
LINE
8
F.Cu
6
CONTINUOUS
10
84.416561999999999
20
-130.4917020000000036
11
84.4085850000000022
21
-130.4910040000000038
0
LINE
8
F.Cu
6
CONTINUOUS
10
84.4085850000000022
20
-130.4910040000000038
11
84.3628130000000027
21
-130.4869999999999948
0
LINE
8
F.Cu
6
CONTINUOUS
10
84.3628130000000027
20
-130.4869999999999948
11
84.362805999999992
21
-130.4869999999999948
0
LINE
8
F.Cu
6
CONTINUOUS
10
84.362805999999992
20
-130.4869999999999948
11
83.9078289999999924
21
-130.4869999999999948
0
LINE
8
F.Cu
6
CONTINUOUS
10
83.9078289999999924
20
-130.4869999999999948
11
83.8901379999999932
21
-130.4893289999999979
0
LINE
8
F.Cu
6
CONTINUOUS
10
83.8901379999999932
20
-130.4893289999999979
11
83.8749370000000027
21
-130.4913300000000049
0
LINE
8
F.Cu
6
CONTINUOUS
10
83.8749370000000027
20
-130.4913300000000049
11
83.8647089999999906
21
-130.4919999999999902
0
LINE
8
F.Cu
6
CONTINUOUS
10
83.8647089999999906
20
-130.4919999999999902
11
83.8382529999999946
21
-130.4919999999999902
0
LINE
8
F.Cu
6
CONTINUOUS
10
83.8382529999999946
20
-130.4919999999999902
11
83.8114470000000011
21
-130.4872729999999876
0
LINE
8
F.Cu
6
CONTINUOUS
10
83.8114470000000011
20
-130.4872729999999876
11
83.8029709999999994
21
-130.484187999999989
0
LINE
8
F.Cu
6
CONTINUOUS
10
83.8029709999999994
20
-130.484187999999989
11
83.7923839999999984
21
-130.4753049999999917
0
LINE
8
F.Cu
6
CONTINUOUS
10
83.7923839999999984
20
-130.4753049999999917
11
83.7878749999999997
21
-130.4736639999999852
0
LINE
8
F.Cu
6
CONTINUOUS
10
83.7878749999999997
20
-130.4736639999999852
11
83.785474999999991
21
-130.469506999999993
0
LINE
8
F.Cu
6
CONTINUOUS
10
83.785474999999991
20
-130.469506999999993
11
83.7619019999999921
21
-130.4497279999999932
0
LINE
8
F.Cu
6
CONTINUOUS
10
83.7619019999999921
20
-130.4497279999999932
11
83.7525899999999979
21
-130.3969479999999805
0
LINE
8
F.Cu
6
CONTINUOUS
10
83.7525899999999979
20
-130.3969479999999805
11
83.753225999999998
21
-130.393338
0
LINE
8
F.Cu
6
CONTINUOUS
10
83.753225999999998
20
-130.393338
11
83.7682329999999951
21
-130.3592219999999884
0
LINE
8
F.Cu
6
CONTINUOUS
10
83.7682329999999951
20
-130.3592219999999884
11
83.7723769999999917
21
-130.3538199999999847
0
LINE
8
F.Cu
6
CONTINUOUS
10
83.7723769999999917
20
-130.3538199999999847
11
83.7734430000000003
21
-130.3464109999999891
0
LINE
8
F.Cu
6
CONTINUOUS
10
83.7734430000000003
20
-130.3464109999999891
11
83.8144029999999987
21
-130.2585739999999817
0
LINE
8
F.Cu
6
CONTINUOUS
10
83.8144029999999987
20
-130.2585739999999817
11
83.8204999999999956
21
-130.2122640000000047
0
LINE
8
F.Cu
6
CONTINUOUS
10
83.8204999999999956
20
-130.2122640000000047
11
83.8204999999999956
21
-130.1433679999999811
0
LINE
8
F.Cu
6
CONTINUOUS
10
83.8204999999999956
20
-130.1433679999999811
11
83.8207979999999964
21
-130.1365360000000067
0
LINE
8
F.Cu
6
CONTINUOUS
10
83.8207979999999964
20
-130.1365360000000067
11
83.825499999999991
21
-130.082806000000005
0
LINE
8
F.Cu
6
CONTINUOUS
10
83.825499999999991
20
-130.082806000000005
11
83.825499999999991
21
-128.9833749999999952
0
LINE
8
F.Cu
6
CONTINUOUS
10
83.825499999999991
20
-128.9833749999999952
11
83.825499999999991
21
-128.675329000000005
0
LINE
8
F.Cu
6
CONTINUOUS
10
83.825499999999991
20
-128.675329000000005
11
83.8211709999999925
21
-128.6424519999999916
0
LINE
8
F.Cu
6
CONTINUOUS
10
83.8211709999999925
20
-128.6424519999999916
11
83.8204999999999956
21
-128.6322199999999896
0
LINE
8
F.Cu
6
CONTINUOUS
10
83.8204999999999956
20
-128.6322199999999896
11
83.8204999999999956
21
-128.5502419999999972
0
LINE
8
F.Cu
6
CONTINUOUS
10
83.8204999999999956
20
-128.5502419999999972
11
83.8204999999999956
21
-128.550235999999984
0
LINE
8
F.Cu
6
CONTINUOUS
10
83.8204999999999956
20
-128.550235999999984
11
83.8144029999999987
21
-128.503926000000007
0
LINE
8
F.Cu
6
CONTINUOUS
10
83.8144029999999987
20
-128.503926000000007
11
83.7670090000000016
21
-128.4022889999999961
0
LINE
8
F.Cu
6
CONTINUOUS
10
83.7670090000000016
20
-128.4022889999999961
11
83.7670069999999924
21
-128.4022870000000012
0
LINE
8
F.Cu
6
CONTINUOUS
10
83.7670069999999924
20
-128.4022870000000012
11
83.767005999999995
21
-128.4022850000000062
0
LINE
8
F.Cu
6
CONTINUOUS
10
83.767005999999995
20
-128.4022850000000062
11
83.7670030000000025
21
-128.4022819999999854
0
LINE
8
F.Cu
6
CONTINUOUS
10
83.7670030000000025
20
-128.4022819999999854
11
83.7670009999999934
21
-128.4022789999999929
0
LINE
8
F.Cu
6
CONTINUOUS
10
83.7670009999999934
20
-128.4022789999999929
11
83.6877149999999972
21
-128.3229929999999968
0
LINE
8
F.Cu
6
CONTINUOUS
10
83.6877149999999972
20
-128.3229929999999968
11
83.6877109999999931
21
-128.3229910000000018
0
LINE
8
F.Cu
6
CONTINUOUS
10
83.6877109999999931
20
-128.3229910000000018
11
83.5860739999999964
21
-128.2755970000000048
0
LINE
8
F.Cu
6
CONTINUOUS
10
83.5860739999999964
20
-128.2755970000000048
11
83.539763999999991
21
-128.2694999999999936
0
LINE
8
F.Cu
6
CONTINUOUS
10
83.539763999999991
20
-128.2694999999999936
11
83.539757999999992
21
-128.2694999999999936
0
LINE
8
F.Cu
6
CONTINUOUS
10
83.539757999999992
20
-128.2694999999999936
11
83.4708899999999971
21
-128.2694999999999936
0
LINE
8
F.Cu
6
CONTINUOUS
10
83.4708899999999971
20
-128.2694999999999936
11
83.4640619999999984
21
-128.269202000000007
0
LINE
8
F.Cu
6
CONTINUOUS
10
83.4640619999999984
20
-128.269202000000007
11
83.4538519999999977
21
-128.2683089999999879
0
LINE
8
F.Cu
6
CONTINUOUS
10
83.4538519999999977
20
-128.2683089999999879
11
83.4103130000000021
21
-128.2644999999999982
0
LINE
8
F.Cu
6
CONTINUOUS
10
83.4103130000000021
20
-128.2644999999999982
11
83.4103059999999914
21
-128.2644999999999982
0
LINE
8
F.Cu
6
CONTINUOUS
10
83.4103059999999914
20
-128.2644999999999982
11
82.9553289999999919
21
-128.2644999999999982
0
LINE
8
F.Cu
6
CONTINUOUS
10
82.9553289999999919
20
-128.2644999999999982
11
82.9369469999999893
21
-128.2669199999999989
0
LINE
8
F.Cu
6
CONTINUOUS
10
82.9369469999999893
20
-128.2669199999999989
11
82.9224370000000022
21
-128.2688300000000083
0
LINE
8
F.Cu
6
CONTINUOUS
10
82.9224370000000022
20
-128.2688300000000083
11
82.9122089999999901
21
-128.2694999999999936
0
LINE
8
F.Cu
6
CONTINUOUS
10
82.9122089999999901
20
-128.2694999999999936
11
82.8302359999999993
21
-128.2694999999999936
0
LINE
8
F.Cu
6
CONTINUOUS
10
82.8302359999999993
20
-128.2694999999999936
11
82.7839259999999939
21
-128.2755970000000048
0
LINE
8
F.Cu
6
CONTINUOUS
10
82.7839259999999939
20
-128.2755970000000048
11
82.6822870000000023
21
-128.3229919999999993
0
LINE
8
F.Cu
6
CONTINUOUS
10
82.6822870000000023
20
-128.3229919999999993
11
82.6822849999999931
21
-128.3229929999999968
0
LINE
8
F.Cu
6
CONTINUOUS
10
82.6822849999999931
20
-128.3229929999999968
11
82.6822829999999982
21
-128.3229939999999942
0
LINE
8
F.Cu
6
CONTINUOUS
10
82.6822829999999982
20
-128.3229939999999942
11
82.6822779999999966
21
-128.3229979999999841
0
LINE
8
F.Cu
6
CONTINUOUS
10
82.6822779999999966
20
-128.3229979999999841
11
82.6029979999999995
21
-128.4022779999999955
0
LINE
8
F.Cu
6
CONTINUOUS
10
82.6029979999999995
20
-128.4022779999999955
11
82.6029959999999903
21
-128.4022809999999879
0
LINE
8
F.Cu
6
CONTINUOUS
10
82.6029959999999903
20
-128.4022809999999879
11
82.6029929999999979
21
-128.4022850000000062
0
LINE
8
F.Cu
6
CONTINUOUS
10
82.6029929999999979
20
-128.4022850000000062
11
82.6029920000000004
21
-128.4022870000000012
0
LINE
8
F.Cu
6
CONTINUOUS
10
82.6029920000000004
20
-128.4022870000000012
11
82.6029910000000029
21
-128.4022879999999986
0
LINE
8
F.Cu
6
CONTINUOUS
10
82.6029910000000029
20
-128.4022879999999986
11
82.6029910000000029
21
-128.4022889999999961
0
LINE
8
F.Cu
6
CONTINUOUS
10
82.6029910000000029
20
-128.4022889999999961
11
82.5555969999999917
21
-128.503926000000007
0
LINE
8
F.Cu
6
CONTINUOUS
10
82.5555969999999917
20
-128.503926000000007
11
82.5529559999999947
21
-128.5239789999999971
0
LINE
8
F.Cu
6
CONTINUOUS
10
82.5529559999999947
20
-128.5239789999999971
11
82.5490709999999979
21
-128.5334299999999814
0
LINE
8
F.Cu
6
CONTINUOUS
10
82.5490709999999979
20
-128.5334299999999814
11
82.5374800000000022
21
-128.5461449999999957
0
LINE
8
F.Cu
6
CONTINUOUS
10
82.5374800000000022
20
-128.5461449999999957
11
82.5295339999999982
21
-128.5614099999999951
0
LINE
8
F.Cu
6
CONTINUOUS
10
82.5295339999999982
20
-128.5614099999999951
11
82.5199449999999928
21
-128.5653810000000021
0
LINE
8
F.Cu
6
CONTINUOUS
10
82.5199449999999928
20
-128.5653810000000021
11
82.5129539999999935
21
-128.5730509999999924
0
LINE
8
F.Cu
6
CONTINUOUS
10
82.5129539999999935
20
-128.5730509999999924
11
82.4958979999999968
21
-128.5753409999999803
0
LINE
8
F.Cu
6
CONTINUOUS
10
82.4958979999999968
20
-128.5753409999999803
11
82.4800029999999964
21
-128.581924999999984
0
LINE
8
F.Cu
6
CONTINUOUS
10
82.4800029999999964
20
-128.581924999999984
11
82.476585
21
-128.5819999999999936
0
LINE
8
F.Cu
6
CONTINUOUS
10
82.476585
20
-128.5819999999999936
11
78.9152509999999978
21
-128.5819999999999936
0
LINE
8
F.Cu
6
CONTINUOUS
10
78.9152509999999978
20
-128.5819999999999936
11
78.8648730000000029
21
-128.5636639999999886
0
LINE
8
F.Cu
6
CONTINUOUS
10
78.8648730000000029
20
-128.5636639999999886
11
78.8380669999999952
21
-128.5172349999999994
0
LINE
8
F.Cu
6
CONTINUOUS
10
78.8380669999999952
20
-128.5172349999999994
11
78.847375999999997
21
-128.4644380000000012
0
LINE
8
F.Cu
6
CONTINUOUS
10
78.847375999999997
20
-128.4644380000000012
11
78.8598319999999973
21
-128.4482050000000015
0
LINE
8
F.Cu
6
CONTINUOUS
10
78.8598319999999973
20
-128.4482050000000015
11
79.6735379999999935
21
-127.6344999999999885
0
LINE
8
F.Cu
6
CONTINUOUS
10
79.6735379999999935
20
-127.6344999999999885
11
80.5970829999999978
21
-126.7109549999999984
0
LINE
8
F.Cu
6
CONTINUOUS
10
80.5970829999999978
20
-126.7109549999999984
11
80.645670999999993
21
-126.688297999999989
0
LINE
8
F.Cu
6
CONTINUOUS
10
80.645670999999993
20
-126.688297999999989
11
80.6525019999999984
21
-126.6879999999999882
0
LINE
8
F.Cu
6
CONTINUOUS
10
80.6525019999999984
20
-126.6879999999999882
11
83.1525559999999899
21
-126.6879999999999882
0
LINE
8
F.Cu
6
CONTINUOUS
10
83.1525559999999899
20
-126.6879999999999882
11
83.164164999999997
21
-126.68774599999999
0
LINE
8
F.Cu
6
CONTINUOUS
10
83.164164999999997
20
-126.68774599999999
11
83.1666139999999956
21
-126.6876929999999959
0
LINE
8
F.Cu
6
CONTINUOUS
10
83.1666139999999956
20
-126.6876929999999959
11
83.173445000000001
21
-126.6873949999999951
0
LINE
8
F.Cu
6
CONTINUOUS
10
83.173445000000001
20
-126.6873949999999951
11
83.1875280000000004
21
-126.6864719999999949
0
LINE
8
F.Cu
6
CONTINUOUS
10
83.1875280000000004
20
-126.6864719999999949
11
83.2958809999999943
21
-126.6574359999999899
0
LINE
8
F.Cu
6
CONTINUOUS
10
83.2958809999999943
20
-126.6574359999999899
11
83.3281679999999909
21
-126.6423789999999912
0
LINE
8
F.Cu
6
CONTINUOUS
10
83.3281679999999909
20
-126.6423789999999912
11
83.344459999999998
21
-126.6347820000000013
0
LINE
8
F.Cu
6
CONTINUOUS
10
83.344459999999998
20
-126.6347820000000013
11
83.344459999999998
21
-126.6347809999999896
0
LINE
8
F.Cu
6
CONTINUOUS
10
83.344459999999998
20
-126.6347809999999896
11
83.344467999999992
21
-126.6347779999999972
0
LINE
8
F.Cu
6
CONTINUOUS
10
83.344467999999992
20
-126.6347779999999972
11
83.4363499999999902
21
-126.5704399999999907
0
LINE
8
F.Cu
6
CONTINUOUS
10
83.4363499999999902
20
-126.5704399999999907
11
84.2483359999999948
21
-125.7584549999999979
0
LINE
8
F.Cu
6
CONTINUOUS
10
84.2483359999999948
20
-125.7584549999999979
11
84.29692399999999
21
-125.7357979999999884
0
LINE
8
F.Cu
6
CONTINUOUS
10
84.29692399999999
20
-125.7357979999999884
11
84.3037549999999953
21
-125.7354999999999876
0
LINE
8
F.Cu
6
CONTINUOUS
10
84.3037549999999953
20
-125.7354999999999876
11
87.5516329999999954
21
-125.7354999999999876
0
LINE
8
F.Cu
6
CONTINUOUS
10
87.5516329999999954
20
-125.7354999999999876
11
87.5797669999999897
21
-125.7342709999999926
0
LINE
8
F.Cu
6
CONTINUOUS
10
87.5797669999999897
20
-125.7342709999999926
11
87.579773000000003
21
-125.7342699999999951
0
LINE
8
F.Cu
6
CONTINUOUS
10
87.579773000000003
20
-125.7342699999999951
11
87.5797829999999919
21
-125.7342699999999951
0
LINE
8
F.Cu
6
CONTINUOUS
10
87.5797829999999919
20
-125.7342699999999951
11
87.5933929999999918
21
-125.7330789999999894
0
LINE
8
F.Cu
6
CONTINUOUS
10
87.5933929999999918
20
-125.7330789999999894
11
87.607886999999991
21
-125.7311709999999891
0
LINE
8
F.Cu
6
CONTINUOUS
10
87.607886999999991
20
-125.7311709999999891
11
87.6181160000000006
21
-125.7305009999999896
0
LINE
8
F.Cu
6
CONTINUOUS
10
87.6181160000000006
20
-125.7305009999999896
11
87.6672579999999897
21
-125.7305009999999896
0
LINE
8
F.Cu
6
CONTINUOUS
10
87.6672579999999897
20
-125.7305009999999896
11
87.667264000000003
21
-125.7305009999999896
0
LINE
8
F.Cu
6
CONTINUOUS
10
87.667264000000003
20
-125.7305009999999896
11
87.7135739999999942
21
-125.7244039999999927
0
LINE
8
F.Cu
6
CONTINUOUS
10
87.7135739999999942
20
-125.7244039999999927
11
87.8152109999999908
21
-125.6770099999999957
0
LINE
8
F.Cu
6
CONTINUOUS
10
87.8152109999999908
20
-125.6770099999999957
11
87.8945089999999993
21
-125.5977120000000014
0
LINE
8
F.Cu
6
CONTINUOUS
10
87.8945089999999993
20
-125.5977120000000014
11
87.9419029999999964
21
-125.4960749999999905
0
LINE
8
F.Cu
6
CONTINUOUS
10
87.9419029999999964
20
-125.4960749999999905
11
87.9479999999999933
21
-125.4497649999999993
0
LINE
8
F.Cu
6
CONTINUOUS
10
87.9479999999999933
20
-125.4497649999999993
11
87.9479999999999933
21
-125.3693369999999874
0
LINE
8
F.Cu
6
CONTINUOUS
10
87.9479999999999933
20
-125.3693369999999874
11
87.949190999999999
21
-125.3557249999999925
0
LINE
8
F.Cu
6
CONTINUOUS
10
87.949190999999999
20
-125.3557249999999925
11
87.953000000000003
21
-125.3341259999999977
0
LINE
8
F.Cu
6
CONTINUOUS
10
87.953000000000003
20
-125.3341259999999977
11
87.953000000000003
21
-124.5383659999999963
0
LINE
8
F.Cu
6
CONTINUOUS
10
87.953000000000003
20
-124.5383659999999963
11
87.9517709999999937
21
-124.5102319999999878
0
LINE
8
F.Cu
6
CONTINUOUS
10
87.9517709999999937
20
-124.5102319999999878
11
87.9505789999999905
21
-124.4966069999999974
0
LINE
8
F.Cu
6
CONTINUOUS
10
87.9505789999999905
20
-124.4966069999999974
11
87.9486699999999928
21
-124.48210499999999
0
LINE
8
F.Cu
6
CONTINUOUS
10
87.9486699999999928
20
-124.48210499999999
11
87.9479999999999933
21
-124.4718759999999946
0
LINE
8
F.Cu
6
CONTINUOUS
10
87.9479999999999933
20
-124.4718759999999946
11
87.9479999999999933
21
-124.422742999999997
0
LINE
8
F.Cu
6
CONTINUOUS
10
87.9479999999999933
20
-124.422742999999997
11
87.9479999999999933
21
-124.4227369999999979
0
LINE
8
F.Cu
6
CONTINUOUS
10
87.9479999999999933
20
-124.4227369999999979
11
87.9419029999999964
21
-124.3764269999999925
0
LINE
8
F.Cu
6
CONTINUOUS
10
87.9419029999999964
20
-124.3764269999999925
11
87.8945089999999993
21
-124.2747899999999959
0
LINE
8
F.Cu
6
CONTINUOUS
10
87.8945089999999993
20
-124.2747899999999959
11
87.8945069999999902
21
-124.2747880000000009
0
LINE
8
F.Cu
6
CONTINUOUS
10
87.8945069999999902
20
-124.2747880000000009
11
87.8945059999999927
21
-124.2747859999999918
0
LINE
8
F.Cu
6
CONTINUOUS
10
87.8945059999999927
20
-124.2747859999999918
11
87.8945030000000003
21
-124.2747829999999993
0
LINE
8
F.Cu
6
CONTINUOUS
10
87.8945030000000003
20
-124.2747829999999993
11
87.8945009999999911
21
-124.2747799999999927
0
LINE
8
F.Cu
6
CONTINUOUS
10
87.8945009999999911
20
-124.2747799999999927
11
87.8152149999999949
21
-124.1954939999999965
0
LINE
8
F.Cu
6
CONTINUOUS
10
87.8152149999999949
20
-124.1954939999999965
11
87.7568649999999906
21
-124.1682849999999974
0
LINE
8
F.Cu
6
CONTINUOUS
10
87.7568649999999906
20
-124.1682849999999974
11
87.7135739999999942
21
-124.1480979999999903
0
LINE
8
F.Cu
6
CONTINUOUS
10
87.7135739999999942
20
-124.1480979999999903
11
87.667264000000003
21
-124.1420009999999934
0
LINE
8
F.Cu
6
CONTINUOUS
10
87.667264000000003
20
-124.1420009999999934
11
87.6672579999999897
21
-124.1420009999999934
0
LINE
8
F.Cu
6
CONTINUOUS
10
87.6672579999999897
20
-124.1420009999999934
11
87.5868430000000018
21
-124.1420009999999934
0
LINE
8
F.Cu
6
CONTINUOUS
10
87.5868430000000018
20
-124.1420009999999934
11
87.5732339999999994
21
-124.1408099999999877
0
LINE
8
F.Cu
6
CONTINUOUS
10
87.5732339999999994
20
-124.1408099999999877
11
87.5638929999999931
21
-124.1391629999999964
0
LINE
8
F.Cu
6
CONTINUOUS
10
87.5638929999999931
20
-124.1391629999999964
11
87.5516269999999963
21
-124.1370000000000005
0
LINE
8
F.Cu
6
CONTINUOUS
10
87.5516269999999963
20
-124.1370000000000005
11
87.5516250000000014
21
-124.1370000000000005
0
LINE
8
F.Cu
6
CONTINUOUS
10
87.5516250000000014
20
-124.1370000000000005
11
80.0883749999999992
21
-124.1370000000000005
0
LINE
8
F.Cu
6
CONTINUOUS
10
80.0883749999999992
20
-124.1370000000000005
11
79.9100090000000023
21
-124.1370000000000005
0
LINE
8
F.Cu
6
CONTINUOUS
10
79.9100090000000023
20
-124.1370000000000005
11
79.9100030000000032
21
-124.1370000000000005
0
LINE
8
F.Cu
6
CONTINUOUS
10
79.9100030000000032
20
-124.1370000000000005
11
79.90999699999999
21
-124.1370000000000005
0
LINE
8
F.Cu
6
CONTINUOUS
10
79.90999699999999
20
-124.1370000000000005
11
79.747957999999997
21
-124.1626649999999898
0
LINE
8
F.Cu
6
CONTINUOUS
10
79.747957999999997
20
-124.1626649999999898
11
79.7124850000000009
21
-124.1682839999999999
0
LINE
8
F.Cu
6
CONTINUOUS
10
79.7124850000000009
20
-124.1682839999999999
11
79.7124829999999918
21
-124.1682839999999999
0
LINE
8
F.Cu
6
CONTINUOUS
10
79.7124829999999918
20
-124.1682839999999999
11
79.7124799999999993
21
-124.1682849999999974
0
LINE
8
F.Cu
6
CONTINUOUS
10
79.7124799999999993
20
-124.1682849999999974
11
79.7124769999999927
21
-124.1682849999999974
0
LINE
8
F.Cu
6
CONTINUOUS
10
79.7124769999999927
20
-124.1682849999999974
11
79.5222909999999956
21
-124.2300809999999984
0
LINE
8
F.Cu
6
CONTINUOUS
10
79.5222909999999956
20
-124.2300809999999984
11
79.5222880000000032
21
-124.2300819999999959
0
LINE
8
F.Cu
6
CONTINUOUS
10
79.5222880000000032
20
-124.2300819999999959
11
79.3441299999999927
21
-124.3208599999999961
0
LINE
8
F.Cu
6
CONTINUOUS
10
79.3441299999999927
20
-124.3208599999999961
11
79.3441210000000012
21
-124.3208649999999977
0
LINE
8
F.Cu
6
CONTINUOUS
10
79.3441210000000012
20
-124.3208649999999977
11
79.3441150000000022
21
-124.3208689999999876
0
LINE
8
F.Cu
6
CONTINUOUS
10
79.3441150000000022
20
-124.3208689999999876
11
79.1823320000000024
21
-124.4384099999999904
0
LINE
8
F.Cu
6
CONTINUOUS
10
79.1823320000000024
20
-124.4384099999999904
11
79.182305999999997
21
-124.4384319999999917
0
LINE
8
F.Cu
6
CONTINUOUS
10
79.182305999999997
20
-124.4384319999999917
11
79.040931999999998
21
-124.5798059999999907
0
LINE
8
F.Cu
6
CONTINUOUS
10
79.040931999999998
20
-124.5798059999999907
11
79.0409099999999967
21
-124.5798319999999961
0
LINE
8
F.Cu
6
CONTINUOUS
10
79.0409099999999967
20
-124.5798319999999961
11
78.9233689999999939
21
-124.7416149999999959
0
LINE
8
F.Cu
6
CONTINUOUS
10
78.9233689999999939
20
-124.7416149999999959
11
78.9233649999999898
21
-124.741620999999995
0
LINE
8
F.Cu
6
CONTINUOUS
10
78.9233649999999898
20
-124.741620999999995
11
78.9233600000000024
21
-124.7416300000000007
0
LINE
8
F.Cu
6
CONTINUOUS
10
78.9233600000000024
20
-124.7416300000000007
11
78.8325820000000022
21
-124.9197879999999969
0
LINE
8
F.Cu
6
CONTINUOUS
10
78.8325820000000022
20
-124.9197879999999969
11
78.8325809999999905
21
-124.9197909999999894
0
LINE
8
F.Cu
6
CONTINUOUS
10
78.8325809999999905
20
-124.9197909999999894
11
78.7707849999999894
21
-125.1099770000000007
0
LINE
8
F.Cu
6
CONTINUOUS
10
78.7707849999999894
20
-125.1099770000000007
11
78.7707849999999894
21
-125.1099799999999931
0
LINE
8
F.Cu
6
CONTINUOUS
10
78.7707849999999894
20
-125.1099799999999931
11
78.7394999999999925
21
-125.3074969999999979
0
LINE
8
F.Cu
6
CONTINUOUS
10
78.7394999999999925
20
-125.3074969999999979
11
78.7394999999999925
21
-125.4556619999999896
0
LINE
8
F.Cu
6
CONTINUOUS
10
78.7394999999999925
20
-125.4556619999999896
11
78.738309000000001
21
-125.4692730000000012
0
LINE
8
F.Cu
6
CONTINUOUS
10
78.738309000000001
20
-125.4692730000000012
11
78.734499999999997
21
-125.490871999999996
0
LINE
8
F.Cu
6
CONTINUOUS
10
78.734499999999997
20
-125.490871999999996
11
78.734499999999997
21
-125.7224939999999975
0
LINE
8
F.Cu
6
CONTINUOUS
10
78.734499999999997
20
-125.7224939999999975
11
78.716163999999992
21
-125.7728719999999925
0
LINE
8
F.Cu
6
CONTINUOUS
10
78.716163999999992
20
-125.7728719999999925
11
78.7115440000000035
21
-125.7779129999999981
0
LINE
8
F.Cu
6
CONTINUOUS
10
78.7115440000000035
20
-125.7779129999999981
11
76.6295599999999979
21
-127.859895999999992
0
LINE
8
F.Cu
6
CONTINUOUS
10
76.6295599999999979
20
-127.859895999999992
11
76.6197919999999897
21
-127.8700999999999937
0
LINE
8
F.Cu
6
CONTINUOUS
10
76.6197919999999897
20
-127.8700999999999937
11
76.6151809999999927
21
-127.8751339999999885
0
LINE
8
F.Cu
6
CONTINUOUS
10
76.6151809999999927
20
-127.8751339999999885
11
76.6059029999999979
21
-127.885713999999993
0
LINE
8
F.Cu
6
CONTINUOUS
10
76.6059029999999979
20
-127.885713999999993
11
76.5498139999999978
21
-127.9828649999999897
0
LINE
8
F.Cu
6
CONTINUOUS
10
76.5498139999999978
20
-127.9828649999999897
11
76.5314819999999969
21
-128.0332300000000032
0
LINE
8
F.Cu
6
CONTINUOUS
10
76.5314819999999969
20
-128.0332300000000032
11
76.5314769999999953
21
-128.0332469999999887
0
LINE
8
F.Cu
6
CONTINUOUS
10
76.5314769999999953
20
-128.0332469999999887
11
76.5120000000000005
21
-128.1437080000000037
0
LINE
8
F.Cu
6
CONTINUOUS
10
76.5120000000000005
20
-128.1437080000000037
11
76.5120000000000005
21
-129.7791330000000016
0
LINE
8
F.Cu
6
CONTINUOUS
10
150.9302459999999826
20
-140.6935139999999933
11
151.1027550000000019
21
-140.7649700000000053
0
LINE
8
F.Cu
6
CONTINUOUS
10
151.1027550000000019
20
-140.7649700000000053
11
151.2580099999999845
21
-140.868707999999998
0
LINE
8
F.Cu
6
CONTINUOUS
10
151.2580099999999845
20
-140.868707999999998
11
151.390041999999994
21
-141.0007400000000075
0
LINE
8
F.Cu
6
CONTINUOUS
10
151.390041999999994
20
-141.0007400000000075
11
151.4937799999999868
21
-141.1559949999999901
0
LINE
8
F.Cu
6
CONTINUOUS
10
151.4937799999999868
20
-141.1559949999999901
11
151.5652359999999987
21
-141.328503999999981
0
LINE
8
F.Cu
6
CONTINUOUS
10
151.5652359999999987
20
-141.328503999999981
11
151.6016630000000021
21
-141.5116390000000024
0
LINE
8
F.Cu
6
CONTINUOUS
10
151.6016630000000021
20
-141.5116390000000024
11
151.6016630000000021
21
-141.6983610000000056
0
LINE
8
F.Cu
6
CONTINUOUS
10
151.6016630000000021
20
-141.6983610000000056
11
151.5652359999999987
21
-141.8814959999999985
0
LINE
8
F.Cu
6
CONTINUOUS
10
151.5652359999999987
20
-141.8814959999999985
11
151.4937799999999868
21
-142.0540049999999894
0
LINE
8
F.Cu
6
CONTINUOUS
10
151.4937799999999868
20
-142.0540049999999894
11
151.390041999999994
21
-142.2092600000000004
0
LINE
8
F.Cu
6
CONTINUOUS
10
151.390041999999994
20
-142.2092600000000004
11
151.2580099999999845
21
-142.3412919999999815
0
LINE
8
F.Cu
6
CONTINUOUS
10
151.2580099999999845
20
-142.3412919999999815
11
151.1027550000000019
21
-142.4450300000000027
0
LINE
8
F.Cu
6
CONTINUOUS
10
151.1027550000000019
20
-142.4450300000000027
11
150.9302459999999826
21
-142.5164859999999862
0
LINE
8
F.Cu
6
CONTINUOUS
10
150.9302459999999826
20
-142.5164859999999862
11
150.7471109999999896
21
-142.5529129999999896
0
LINE
8
F.Cu
6
CONTINUOUS
10
150.7471109999999896
20
-142.5529129999999896
11
150.5603889999999865
21
-142.5529129999999896
0
LINE
8
F.Cu
6
CONTINUOUS
10
150.5603889999999865
20
-142.5529129999999896
11
150.3772539999999935
21
-142.5164859999999862
0
LINE
8
F.Cu
6
CONTINUOUS
10
150.3772539999999935
20
-142.5164859999999862
11
150.2047450000000026
21
-142.4450300000000027
0
LINE
8
F.Cu
6
CONTINUOUS
10
150.2047450000000026
20
-142.4450300000000027
11
150.0494899999999916
21
-142.3412919999999815
0
LINE
8
F.Cu
6
CONTINUOUS
10
150.0494899999999916
20
-142.3412919999999815
11
149.9174579999999821
21
-142.2092600000000004
0
LINE
8
F.Cu
6
CONTINUOUS
10
149.9174579999999821
20
-142.2092600000000004
11
149.8137199999999893
21
-142.0540049999999894
0
LINE
8
F.Cu
6
CONTINUOUS
10
149.8137199999999893
20
-142.0540049999999894
11
149.7422640000000058
21
-141.8814959999999985
0
LINE
8
F.Cu
6
CONTINUOUS
10
149.7422640000000058
20
-141.8814959999999985
11
149.7058370000000025
21
-141.6983610000000056
0
LINE
8
F.Cu
6
CONTINUOUS
10
149.7058370000000025
20
-141.6983610000000056
11
149.7058370000000025
21
-141.5116390000000024
0
LINE
8
F.Cu
6
CONTINUOUS
10
149.7058370000000025
20
-141.5116390000000024
11
149.7422640000000058
21
-141.328503999999981
0
LINE
8
F.Cu
6
CONTINUOUS
10
149.7422640000000058
20
-141.328503999999981
11
149.8137199999999893
21
-141.1559949999999901
0
LINE
8
F.Cu
6
CONTINUOUS
10
149.8137199999999893
20
-141.1559949999999901
11
149.9174579999999821
21
-141.0007400000000075
0
LINE
8
F.Cu
6
CONTINUOUS
10
149.9174579999999821
20
-141.0007400000000075
11
150.0494899999999916
21
-140.868707999999998
0
LINE
8
F.Cu
6
CONTINUOUS
10
150.0494899999999916
20
-140.868707999999998
11
150.2047450000000026
21
-140.7649700000000053
0
LINE
8
F.Cu
6
CONTINUOUS
10
150.2047450000000026
20
-140.7649700000000053
11
150.3772539999999935
21
-140.6935139999999933
0
LINE
8
F.Cu
6
CONTINUOUS
10
150.3772539999999935
20
-140.6935139999999933
11
150.5603889999999865
21
-140.65708699999999
0
LINE
8
F.Cu
6
CONTINUOUS
10
150.5603889999999865
20
-140.65708699999999
11
150.7471109999999896
21
-140.65708699999999
0
LINE
8
F.Cu
6
CONTINUOUS
10
150.7471109999999896
20
-140.65708699999999
11
150.9302459999999826
21
-140.6935139999999933
0
LINE
8
F.Cu
6
CONTINUOUS
10
153.4702460000000031
20
-140.6935139999999933
11
153.642754999999994
21
-140.7649700000000053
0
LINE
8
F.Cu
6
CONTINUOUS
10
153.642754999999994
20
-140.7649700000000053
11
153.798010000000005
21
-140.868707999999998
0
LINE
8
F.Cu
6
CONTINUOUS
10
153.798010000000005
20
-140.868707999999998
11
153.930041999999986
21
-141.0007400000000075
0
LINE
8
F.Cu
6
CONTINUOUS
10
153.930041999999986
20
-141.0007400000000075
11
154.0337799999999788
21
-141.1559949999999901
0
LINE
8
F.Cu
6
CONTINUOUS
10
154.0337799999999788
20
-141.1559949999999901
11
154.1052359999999908
21
-141.328503999999981
0
LINE
8
F.Cu
6
CONTINUOUS
10
154.1052359999999908
20
-141.328503999999981
11
154.1416629999999941
21
-141.5116390000000024
0
LINE
8
F.Cu
6
CONTINUOUS
10
154.1416629999999941
20
-141.5116390000000024
11
154.1416629999999941
21
-141.6983610000000056
0
LINE
8
F.Cu
6
CONTINUOUS
10
154.1416629999999941
20
-141.6983610000000056
11
154.1052359999999908
21
-141.8814959999999985
0
LINE
8
F.Cu
6
CONTINUOUS
10
154.1052359999999908
20
-141.8814959999999985
11
154.0337799999999788
21
-142.0540049999999894
0
LINE
8
F.Cu
6
CONTINUOUS
10
154.0337799999999788
20
-142.0540049999999894
11
153.930041999999986
21
-142.2092600000000004
0
LINE
8
F.Cu
6
CONTINUOUS
10
153.930041999999986
20
-142.2092600000000004
11
153.798010000000005
21
-142.3412919999999815
0
LINE
8
F.Cu
6
CONTINUOUS
10
153.798010000000005
20
-142.3412919999999815
11
153.642754999999994
21
-142.4450300000000027
0
LINE
8
F.Cu
6
CONTINUOUS
10
153.642754999999994
20
-142.4450300000000027
11
153.4702460000000031
21
-142.5164859999999862
0
LINE
8
F.Cu
6
CONTINUOUS
10
153.4702460000000031
20
-142.5164859999999862
11
153.2871109999999817
21
-142.5529129999999896
0
LINE
8
F.Cu
6
CONTINUOUS
10
153.2871109999999817
20
-142.5529129999999896
11
153.1003890000000069
21
-142.5529129999999896
0
LINE
8
F.Cu
6
CONTINUOUS
10
153.1003890000000069
20
-142.5529129999999896
11
152.9172539999999856
21
-142.5164859999999862
0
LINE
8
F.Cu
6
CONTINUOUS
10
152.9172539999999856
20
-142.5164859999999862
11
152.7447449999999947
21
-142.4450300000000027
0
LINE
8
F.Cu
6
CONTINUOUS
10
152.7447449999999947
20
-142.4450300000000027
11
152.5894899999999836
21
-142.3412919999999815
0
LINE
8
F.Cu
6
CONTINUOUS
10
152.5894899999999836
20
-142.3412919999999815
11
152.4574580000000026
21
-142.2092600000000004
0
LINE
8
F.Cu
6
CONTINUOUS
10
152.4574580000000026
20
-142.2092600000000004
11
152.3537199999999814
21
-142.0540049999999894
0
LINE
8
F.Cu
6
CONTINUOUS
10
152.3537199999999814
20
-142.0540049999999894
11
152.2822639999999978
21
-141.8814959999999985
0
LINE
8
F.Cu
6
CONTINUOUS
10
152.2822639999999978
20
-141.8814959999999985
11
152.2458369999999945
21
-141.6983610000000056
0
LINE
8
F.Cu
6
CONTINUOUS
10
152.2458369999999945
20
-141.6983610000000056
11
152.2458369999999945
21
-141.5116390000000024
0
LINE
8
F.Cu
6
CONTINUOUS
10
152.2458369999999945
20
-141.5116390000000024
11
152.2822639999999978
21
-141.328503999999981
0
LINE
8
F.Cu
6
CONTINUOUS
10
152.2822639999999978
20
-141.328503999999981
11
152.3537199999999814
21
-141.1559949999999901
0
LINE
8
F.Cu
6
CONTINUOUS
10
152.3537199999999814
20
-141.1559949999999901
11
152.4574580000000026
21
-141.0007400000000075
0
LINE
8
F.Cu
6
CONTINUOUS
10
152.4574580000000026
20
-141.0007400000000075
11
152.5894899999999836
21
-140.868707999999998
0
LINE
8
F.Cu
6
CONTINUOUS
10
152.5894899999999836
20
-140.868707999999998
11
152.7447449999999947
21
-140.7649700000000053
0
LINE
8
F.Cu
6
CONTINUOUS
10
152.7447449999999947
20
-140.7649700000000053
11
152.9172539999999856
21
-140.6935139999999933
0
LINE
8
F.Cu
6
CONTINUOUS
10
152.9172539999999856
20
-140.6935139999999933
11
153.1003890000000069
21
-140.65708699999999
0
LINE
8
F.Cu
6
CONTINUOUS
10
153.1003890000000069
20
-140.65708699999999
11
153.2871109999999817
21
-140.65708699999999
0
LINE
8
F.Cu
6
CONTINUOUS
10
153.2871109999999817
20
-140.65708699999999
11
153.4702460000000031
21
-140.6935139999999933
0
LINE
8
F.Cu
6
CONTINUOUS
10
156.0102459999999951
20
-140.6935139999999933
11
156.182754999999986
21
-140.7649700000000053
0
LINE
8
F.Cu
6
CONTINUOUS
10
156.182754999999986
20
-140.7649700000000053
11
156.338009999999997
21
-140.868707999999998
0
LINE
8
F.Cu
6
CONTINUOUS
10
156.338009999999997
20
-140.868707999999998
11
156.4700420000000065
21
-141.0007400000000075
0
LINE
8
F.Cu
6
CONTINUOUS
10
156.4700420000000065
20
-141.0007400000000075
11
156.5737799999999993
21
-141.1559949999999901
0
LINE
8
F.Cu
6
CONTINUOUS
10
156.5737799999999993
20
-141.1559949999999901
11
156.6452359999999828
21
-141.328503999999981
0
LINE
8
F.Cu
6
CONTINUOUS
10
156.6452359999999828
20
-141.328503999999981
11
156.6816629999999861
21
-141.5116390000000024
0
LINE
8
F.Cu
6
CONTINUOUS
10
156.6816629999999861
20
-141.5116390000000024
11
156.6816629999999861
21
-141.6983610000000056
0
LINE
8
F.Cu
6
CONTINUOUS
10
156.6816629999999861
20
-141.6983610000000056
11
156.6452359999999828
21
-141.8814959999999985
0
LINE
8
F.Cu
6
CONTINUOUS
10
156.6452359999999828
20
-141.8814959999999985
11
156.5737799999999993
21
-142.0540049999999894
0
LINE
8
F.Cu
6
CONTINUOUS
10
156.5737799999999993
20
-142.0540049999999894
11
156.4700420000000065
21
-142.2092600000000004
0
LINE
8
F.Cu
6
CONTINUOUS
10
156.4700420000000065
20
-142.2092600000000004
11
156.338009999999997
21
-142.3412919999999815
0
LINE
8
F.Cu
6
CONTINUOUS
10
156.338009999999997
20
-142.3412919999999815
11
156.182754999999986
21
-142.4450300000000027
0
LINE
8
F.Cu
6
CONTINUOUS
10
156.182754999999986
20
-142.4450300000000027
11
156.0102459999999951
21
-142.5164859999999862
0
LINE
8
F.Cu
6
CONTINUOUS
10
156.0102459999999951
20
-142.5164859999999862
11
155.8271110000000022
21
-142.5529129999999896
0
LINE
8
F.Cu
6
CONTINUOUS
10
155.8271110000000022
20
-142.5529129999999896
11
155.640388999999999
21
-142.5529129999999896
0
LINE
8
F.Cu
6
CONTINUOUS
10
155.640388999999999
20
-142.5529129999999896
11
155.457254000000006
21
-142.5164859999999862
0
LINE
8
F.Cu
6
CONTINUOUS
10
155.457254000000006
20
-142.5164859999999862
11
155.2847449999999867
21
-142.4450300000000027
0
LINE
8
F.Cu
6
CONTINUOUS
10
155.2847449999999867
20
-142.4450300000000027
11
155.1294900000000041
21
-142.3412919999999815
0
LINE
8
F.Cu
6
CONTINUOUS
10
155.1294900000000041
20
-142.3412919999999815
11
154.9974579999999946
21
-142.2092600000000004
0
LINE
8
F.Cu
6
CONTINUOUS
10
154.9974579999999946
20
-142.2092600000000004
11
154.8937200000000018
21
-142.0540049999999894
0
LINE
8
F.Cu
6
CONTINUOUS
10
154.8937200000000018
20
-142.0540049999999894
11
154.8222639999999899
21
-141.8814959999999985
0
LINE
8
F.Cu
6
CONTINUOUS
10
154.8222639999999899
20
-141.8814959999999985
11
154.7858369999999866
21
-141.6983610000000056
0
LINE
8
F.Cu
6
CONTINUOUS
10
154.7858369999999866
20
-141.6983610000000056
11
154.7858369999999866
21
-141.5116390000000024
0
LINE
8
F.Cu
6
CONTINUOUS
10
154.7858369999999866
20
-141.5116390000000024
11
154.8222639999999899
21
-141.328503999999981
0
LINE
8
F.Cu
6
CONTINUOUS
10
154.8222639999999899
20
-141.328503999999981
11
154.8937200000000018
21
-141.1559949999999901
0
LINE
8
F.Cu
6
CONTINUOUS
10
154.8937200000000018
20
-141.1559949999999901
11
154.9974579999999946
21
-141.0007400000000075
0
LINE
8
F.Cu
6
CONTINUOUS
10
154.9974579999999946
20
-141.0007400000000075
11
155.1294900000000041
21
-140.868707999999998
0
LINE
8
F.Cu
6
CONTINUOUS
10
155.1294900000000041
20
-140.868707999999998
11
155.2847449999999867
21
-140.7649700000000053
0
LINE
8
F.Cu
6
CONTINUOUS
10
155.2847449999999867
20
-140.7649700000000053
11
155.457254000000006
21
-140.6935139999999933
0
LINE
8
F.Cu
6
CONTINUOUS
10
155.457254000000006
20
-140.6935139999999933
11
155.640388999999999
21
-140.65708699999999
0
LINE
8
F.Cu
6
CONTINUOUS
10
155.640388999999999
20
-140.65708699999999
11
155.8271110000000022
21
-140.65708699999999
0
LINE
8
F.Cu
6
CONTINUOUS
10
155.8271110000000022
20
-140.65708699999999
11
156.0102459999999951
21
-140.6935139999999933
0
LINE
8
F.Cu
6
CONTINUOUS
10
158.5502459999999871
20
-140.6935139999999933
11
158.7227550000000065
21
-140.7649700000000053
0
LINE
8
F.Cu
6
CONTINUOUS
10
158.7227550000000065
20
-140.7649700000000053
11
158.8780099999999891
21
-140.868707999999998
0
LINE
8
F.Cu
6
CONTINUOUS
10
158.8780099999999891
20
-140.868707999999998
11
159.0100419999999986
21
-141.0007400000000075
0
LINE
8
F.Cu
6
CONTINUOUS
10
159.0100419999999986
20
-141.0007400000000075
11
159.1137799999999913
21
-141.1559949999999901
0
LINE
8
F.Cu
6
CONTINUOUS
10
159.1137799999999913
20
-141.1559949999999901
11
159.1852360000000033
21
-141.328503999999981
0
LINE
8
F.Cu
6
CONTINUOUS
10
159.1852360000000033
20
-141.328503999999981
11
159.2216630000000066
21
-141.5116390000000024
0
LINE
8
F.Cu
6
CONTINUOUS
10
159.2216630000000066
20
-141.5116390000000024
11
159.2216630000000066
21
-141.6983610000000056
0
LINE
8
F.Cu
6
CONTINUOUS
10
159.2216630000000066
20
-141.6983610000000056
11
159.1852360000000033
21
-141.8814959999999985
0
LINE
8
F.Cu
6
CONTINUOUS
10
159.1852360000000033
20
-141.8814959999999985
11
159.1137799999999913
21
-142.0540049999999894
0
LINE
8
F.Cu
6
CONTINUOUS
10
159.1137799999999913
20
-142.0540049999999894
11
159.0100419999999986
21
-142.2092600000000004
0
LINE
8
F.Cu
6
CONTINUOUS
10
159.0100419999999986
20
-142.2092600000000004
11
158.8780099999999891
21
-142.3412919999999815
0
LINE
8
F.Cu
6
CONTINUOUS
10
158.8780099999999891
20
-142.3412919999999815
11
158.7227550000000065
21
-142.4450300000000027
0
LINE
8
F.Cu
6
CONTINUOUS
10
158.7227550000000065
20
-142.4450300000000027
11
158.5502459999999871
21
-142.5164859999999862
0
LINE
8
F.Cu
6
CONTINUOUS
10
158.5502459999999871
20
-142.5164859999999862
11
158.3671109999999942
21
-142.5529129999999896
0
LINE
8
F.Cu
6
CONTINUOUS
10
158.3671109999999942
20
-142.5529129999999896
11
158.180388999999991
21
-142.5529129999999896
0
LINE
8
F.Cu
6
CONTINUOUS
10
158.180388999999991
20
-142.5529129999999896
11
157.9972539999999981
21
-142.5164859999999862
0
LINE
8
F.Cu
6
CONTINUOUS
10
157.9972539999999981
20
-142.5164859999999862
11
157.8247449999999787
21
-142.4450300000000027
0
LINE
8
F.Cu
6
CONTINUOUS
10
157.8247449999999787
20
-142.4450300000000027
11
157.6694899999999961
21
-142.3412919999999815
0
LINE
8
F.Cu
6
CONTINUOUS
10
157.6694899999999961
20
-142.3412919999999815
11
157.5374579999999867
21
-142.2092600000000004
0
LINE
8
F.Cu
6
CONTINUOUS
10
157.5374579999999867
20
-142.2092600000000004
11
157.4337199999999939
21
-142.0540049999999894
0
LINE
8
F.Cu
6
CONTINUOUS
10
157.4337199999999939
20
-142.0540049999999894
11
157.3622639999999819
21
-141.8814959999999985
0
LINE
8
F.Cu
6
CONTINUOUS
10
157.3622639999999819
20
-141.8814959999999985
11
157.325837000000007
21
-141.6983610000000056
0
LINE
8
F.Cu
6
CONTINUOUS
10
157.325837000000007
20
-141.6983610000000056
11
157.325837000000007
21
-141.5116390000000024
0
LINE
8
F.Cu
6
CONTINUOUS
10
157.325837000000007
20
-141.5116390000000024
11
157.3622639999999819
21
-141.328503999999981
0
LINE
8
F.Cu
6
CONTINUOUS
10
157.3622639999999819
20
-141.328503999999981
11
157.4337199999999939
21
-141.1559949999999901
0
LINE
8
F.Cu
6
CONTINUOUS
10
157.4337199999999939
20
-141.1559949999999901
11
157.5374579999999867
21
-141.0007400000000075
0
LINE
8
F.Cu
6
CONTINUOUS
10
157.5374579999999867
20
-141.0007400000000075
11
157.6694899999999961
21
-140.868707999999998
0
LINE
8
F.Cu
6
CONTINUOUS
10
157.6694899999999961
20
-140.868707999999998
11
157.8247449999999787
21
-140.7649700000000053
0
LINE
8
F.Cu
6
CONTINUOUS
10
157.8247449999999787
20
-140.7649700000000053
11
157.9972539999999981
21
-140.6935139999999933
0
LINE
8
F.Cu
6
CONTINUOUS
10
157.9972539999999981
20
-140.6935139999999933
11
158.180388999999991
21
-140.65708699999999
0
LINE
8
F.Cu
6
CONTINUOUS
10
158.180388999999991
20
-140.65708699999999
11
158.3671109999999942
21
-140.65708699999999
0
LINE
8
F.Cu
6
CONTINUOUS
10
158.3671109999999942
20
-140.65708699999999
11
158.5502459999999871
21
-140.6935139999999933
0
LINE
8
F.Cu
6
CONTINUOUS
10
161.0902459999999792
20
-140.6935139999999933
11
161.2627549999999985
21
-140.7649700000000053
0
LINE
8
F.Cu
6
CONTINUOUS
10
161.2627549999999985
20
-140.7649700000000053
11
161.4180099999999811
21
-140.868707999999998
0
LINE
8
F.Cu
6
CONTINUOUS
10
161.4180099999999811
20
-140.868707999999998
11
161.5500419999999906
21
-141.0007400000000075
0
LINE
8
F.Cu
6
CONTINUOUS
10
161.5500419999999906
20
-141.0007400000000075
11
161.6537799999999834
21
-141.1559949999999901
0
LINE
8
F.Cu
6
CONTINUOUS
10
161.6537799999999834
20
-141.1559949999999901
11
161.7252359999999953
21
-141.328503999999981
0
LINE
8
F.Cu
6
CONTINUOUS
10
161.7252359999999953
20
-141.328503999999981
11
161.7616629999999986
21
-141.5116390000000024
0
LINE
8
F.Cu
6
CONTINUOUS
10
161.7616629999999986
20
-141.5116390000000024
11
161.7616629999999986
21
-141.6983610000000056
0
LINE
8
F.Cu
6
CONTINUOUS
10
161.7616629999999986
20
-141.6983610000000056
11
161.7252359999999953
21
-141.8814959999999985
0
LINE
8
F.Cu
6
CONTINUOUS
10
161.7252359999999953
20
-141.8814959999999985
11
161.6537799999999834
21
-142.0540049999999894
0
LINE
8
F.Cu
6
CONTINUOUS
10
161.6537799999999834
20
-142.0540049999999894
11
161.5500419999999906
21
-142.2092600000000004
0
LINE
8
F.Cu
6
CONTINUOUS
10
161.5500419999999906
20
-142.2092600000000004
11
161.4180099999999811
21
-142.3412919999999815
0
LINE
8
F.Cu
6
CONTINUOUS
10
161.4180099999999811
20
-142.3412919999999815
11
161.2627549999999985
21
-142.4450300000000027
0
LINE
8
F.Cu
6
CONTINUOUS
10
161.2627549999999985
20
-142.4450300000000027
11
161.0902459999999792
21
-142.5164859999999862
0
LINE
8
F.Cu
6
CONTINUOUS
10
161.0902459999999792
20
-142.5164859999999862
11
160.9071109999999862
21
-142.5529129999999896
0
LINE
8
F.Cu
6
CONTINUOUS
10
160.9071109999999862
20
-142.5529129999999896
11
160.7203889999999831
21
-142.5529129999999896
0
LINE
8
F.Cu
6
CONTINUOUS
10
160.7203889999999831
20
-142.5529129999999896
11
160.5372539999999901
21
-142.5164859999999862
0
LINE
8
F.Cu
6
CONTINUOUS
10
160.5372539999999901
20
-142.5164859999999862
11
160.3647449999999992
21
-142.4450300000000027
0
LINE
8
F.Cu
6
CONTINUOUS
10
160.3647449999999992
20
-142.4450300000000027
11
160.2094899999999882
21
-142.3412919999999815
0
LINE
8
F.Cu
6
CONTINUOUS
10
160.2094899999999882
20
-142.3412919999999815
11
160.0774579999999787
21
-142.2092600000000004
0
LINE
8
F.Cu
6
CONTINUOUS
10
160.0774579999999787
20
-142.2092600000000004
11
159.9737199999999859
21
-142.0540049999999894
0
LINE
8
F.Cu
6
CONTINUOUS
10
159.9737199999999859
20
-142.0540049999999894
11
159.9022640000000024
21
-141.8814959999999985
0
LINE
8
F.Cu
6
CONTINUOUS
10
159.9022640000000024
20
-141.8814959999999985
11
159.8658369999999991
21
-141.6983610000000056
0
LINE
8
F.Cu
6
CONTINUOUS
10
159.8658369999999991
20
-141.6983610000000056
11
159.8658369999999991
21
-141.5116390000000024
0
LINE
8
F.Cu
6
CONTINUOUS
10
159.8658369999999991
20
-141.5116390000000024
11
159.9022640000000024
21
-141.328503999999981
0
LINE
8
F.Cu
6
CONTINUOUS
10
159.9022640000000024
20
-141.328503999999981
11
159.9737199999999859
21
-141.1559949999999901
0
LINE
8
F.Cu
6
CONTINUOUS
10
159.9737199999999859
20
-141.1559949999999901
11
160.0774579999999787
21
-141.0007400000000075
0
LINE
8
F.Cu
6
CONTINUOUS
10
160.0774579999999787
20
-141.0007400000000075
11
160.2094899999999882
21
-140.868707999999998
0
LINE
8
F.Cu
6
CONTINUOUS
10
160.2094899999999882
20
-140.868707999999998
11
160.3647449999999992
21
-140.7649700000000053
0
LINE
8
F.Cu
6
CONTINUOUS
10
160.3647449999999992
20
-140.7649700000000053
11
160.5372539999999901
21
-140.6935139999999933
0
LINE
8
F.Cu
6
CONTINUOUS
10
160.5372539999999901
20
-140.6935139999999933
11
160.7203889999999831
21
-140.65708699999999
0
LINE
8
F.Cu
6
CONTINUOUS
10
160.7203889999999831
20
-140.65708699999999
11
160.9071109999999862
21
-140.65708699999999
0
LINE
8
F.Cu
6
CONTINUOUS
10
160.9071109999999862
20
-140.65708699999999
11
161.0902459999999792
21
-140.6935139999999933
0
LINE
8
F.Cu
6
CONTINUOUS
10
150.9302459999999826
20
-138.1535140000000013
11
151.1027550000000019
21
-138.2249699999999848
0
LINE
8
F.Cu
6
CONTINUOUS
10
151.1027550000000019
20
-138.2249699999999848
11
151.2580099999999845
21
-138.328708000000006
0
LINE
8
F.Cu
6
CONTINUOUS
10
151.2580099999999845
20
-138.328708000000006
11
151.390041999999994
21
-138.460739999999987
0
LINE
8
F.Cu
6
CONTINUOUS
10
151.390041999999994
20
-138.460739999999987
11
151.4937799999999868
21
-138.6159949999999981
0
LINE
8
F.Cu
6
CONTINUOUS
10
151.4937799999999868
20
-138.6159949999999981
11
151.5652359999999987
21
-138.788503999999989
0
LINE
8
F.Cu
6
CONTINUOUS
10
151.5652359999999987
20
-138.788503999999989
11
151.6016630000000021
21
-138.9716389999999819
0
LINE
8
F.Cu
6
CONTINUOUS
10
151.6016630000000021
20
-138.9716389999999819
11
151.6016630000000021
21
-139.1583609999999851
0
LINE
8
F.Cu
6
CONTINUOUS
10
151.6016630000000021
20
-139.1583609999999851
11
151.5652359999999987
21
-139.3414960000000065
0
LINE
8
F.Cu
6
CONTINUOUS
10
151.5652359999999987
20
-139.3414960000000065
11
151.4937799999999868
21
-139.5140049999999974
0
LINE
8
F.Cu
6
CONTINUOUS
10
151.4937799999999868
20
-139.5140049999999974
11
151.390041999999994
21
-139.66925999999998
0
LINE
8
F.Cu
6
CONTINUOUS
10
151.390041999999994
20
-139.66925999999998
11
151.2580099999999845
21
-139.8012919999999895
0
LINE
8
F.Cu
6
CONTINUOUS
10
151.2580099999999845
20
-139.8012919999999895
11
151.1027550000000019
21
-139.9050299999999822
0
LINE
8
F.Cu
6
CONTINUOUS
10
151.1027550000000019
20
-139.9050299999999822
11
150.9302459999999826
21
-139.9764859999999942
0
LINE
8
F.Cu
6
CONTINUOUS
10
150.9302459999999826
20
-139.9764859999999942
11
150.7471109999999896
21
-140.0129129999999975
0
LINE
8
F.Cu
6
CONTINUOUS
10
150.7471109999999896
20
-140.0129129999999975
11
150.5603889999999865
21
-140.0129129999999975
0
LINE
8
F.Cu
6
CONTINUOUS
10
150.5603889999999865
20
-140.0129129999999975
11
150.3772539999999935
21
-139.9764859999999942
0
LINE
8
F.Cu
6
CONTINUOUS
10
150.3772539999999935
20
-139.9764859999999942
11
150.2047450000000026
21
-139.9050299999999822
0
LINE
8
F.Cu
6
CONTINUOUS
10
150.2047450000000026
20
-139.9050299999999822
11
150.0494899999999916
21
-139.8012919999999895
0
LINE
8
F.Cu
6
CONTINUOUS
10
150.0494899999999916
20
-139.8012919999999895
11
149.9174579999999821
21
-139.66925999999998
0
LINE
8
F.Cu
6
CONTINUOUS
10
149.9174579999999821
20
-139.66925999999998
11
149.8137199999999893
21
-139.5140049999999974
0
LINE
8
F.Cu
6
CONTINUOUS
10
149.8137199999999893
20
-139.5140049999999974
11
149.7422640000000058
21
-139.3414960000000065
0
LINE
8
F.Cu
6
CONTINUOUS
10
149.7422640000000058
20
-139.3414960000000065
11
149.7058370000000025
21
-139.1583609999999851
0
LINE
8
F.Cu
6
CONTINUOUS
10
149.7058370000000025
20
-139.1583609999999851
11
149.7058370000000025
21
-138.9716389999999819
0
LINE
8
F.Cu
6
CONTINUOUS
10
149.7058370000000025
20
-138.9716389999999819
11
149.7422640000000058
21
-138.788503999999989
0
LINE
8
F.Cu
6
CONTINUOUS
10
149.7422640000000058
20
-138.788503999999989
11
149.8137199999999893
21
-138.6159949999999981
0
LINE
8
F.Cu
6
CONTINUOUS
10
149.8137199999999893
20
-138.6159949999999981
11
149.9174579999999821
21
-138.460739999999987
0
LINE
8
F.Cu
6
CONTINUOUS
10
149.9174579999999821
20
-138.460739999999987
11
150.0494899999999916
21
-138.328708000000006
0
LINE
8
F.Cu
6
CONTINUOUS
10
150.0494899999999916
20
-138.328708000000006
11
150.2047450000000026
21
-138.2249699999999848
0
LINE
8
F.Cu
6
CONTINUOUS
10
150.2047450000000026
20
-138.2249699999999848
11
150.3772539999999935
21
-138.1535140000000013
0
LINE
8
F.Cu
6
CONTINUOUS
10
150.3772539999999935
20
-138.1535140000000013
11
150.5603889999999865
21
-138.1170869999999979
0
LINE
8
F.Cu
6
CONTINUOUS
10
150.5603889999999865
20
-138.1170869999999979
11
150.7471109999999896
21
-138.1170869999999979
0
LINE
8
F.Cu
6
CONTINUOUS
10
150.7471109999999896
20
-138.1170869999999979
11
150.9302459999999826
21
-138.1535140000000013
0
LINE
8
F.Cu
6
CONTINUOUS
10
156.0102459999999951
20
-138.1535140000000013
11
156.182754999999986
21
-138.2249699999999848
0
LINE
8
F.Cu
6
CONTINUOUS
10
156.182754999999986
20
-138.2249699999999848
11
156.338009999999997
21
-138.328708000000006
0
LINE
8
F.Cu
6
CONTINUOUS
10
156.338009999999997
20
-138.328708000000006
11
156.4700420000000065
21
-138.460739999999987
0
LINE
8
F.Cu
6
CONTINUOUS
10
156.4700420000000065
20
-138.460739999999987
11
156.5737799999999993
21
-138.6159949999999981
0
LINE
8
F.Cu
6
CONTINUOUS
10
156.5737799999999993
20
-138.6159949999999981
11
156.6452359999999828
21
-138.788503999999989
0
LINE
8
F.Cu
6
CONTINUOUS
10
156.6452359999999828
20
-138.788503999999989
11
156.6816629999999861
21
-138.9716389999999819
0
LINE
8
F.Cu
6
CONTINUOUS
10
156.6816629999999861
20
-138.9716389999999819
11
156.6816629999999861
21
-139.1583609999999851
0
LINE
8
F.Cu
6
CONTINUOUS
10
156.6816629999999861
20
-139.1583609999999851
11
156.6452359999999828
21
-139.3414960000000065
0
LINE
8
F.Cu
6
CONTINUOUS
10
156.6452359999999828
20
-139.3414960000000065
11
156.5737799999999993
21
-139.5140049999999974
0
LINE
8
F.Cu
6
CONTINUOUS
10
156.5737799999999993
20
-139.5140049999999974
11
156.4700420000000065
21
-139.66925999999998
0
LINE
8
F.Cu
6
CONTINUOUS
10
156.4700420000000065
20
-139.66925999999998
11
156.338009999999997
21
-139.8012919999999895
0
LINE
8
F.Cu
6
CONTINUOUS
10
156.338009999999997
20
-139.8012919999999895
11
156.182754999999986
21
-139.9050299999999822
0
LINE
8
F.Cu
6
CONTINUOUS
10
156.182754999999986
20
-139.9050299999999822
11
156.0102459999999951
21
-139.9764859999999942
0
LINE
8
F.Cu
6
CONTINUOUS
10
156.0102459999999951
20
-139.9764859999999942
11
155.8271110000000022
21
-140.0129129999999975
0
LINE
8
F.Cu
6
CONTINUOUS
10
155.8271110000000022
20
-140.0129129999999975
11
155.640388999999999
21
-140.0129129999999975
0
LINE
8
F.Cu
6
CONTINUOUS
10
155.640388999999999
20
-140.0129129999999975
11
155.457254000000006
21
-139.9764859999999942
0
LINE
8
F.Cu
6
CONTINUOUS
10
155.457254000000006
20
-139.9764859999999942
11
155.2847449999999867
21
-139.9050299999999822
0
LINE
8
F.Cu
6
CONTINUOUS
10
155.2847449999999867
20
-139.9050299999999822
11
155.1294900000000041
21
-139.8012919999999895
0
LINE
8
F.Cu
6
CONTINUOUS
10
155.1294900000000041
20
-139.8012919999999895
11
154.9974579999999946
21
-139.66925999999998
0
LINE
8
F.Cu
6
CONTINUOUS
10
154.9974579999999946
20
-139.66925999999998
11
154.8937200000000018
21
-139.5140049999999974
0
LINE
8
F.Cu
6
CONTINUOUS
10
154.8937200000000018
20
-139.5140049999999974
11
154.8222639999999899
21
-139.3414960000000065
0
LINE
8
F.Cu
6
CONTINUOUS
10
154.8222639999999899
20
-139.3414960000000065
11
154.7858369999999866
21
-139.1583609999999851
0
LINE
8
F.Cu
6
CONTINUOUS
10
154.7858369999999866
20
-139.1583609999999851
11
154.7858369999999866
21
-138.9716389999999819
0
LINE
8
F.Cu
6
CONTINUOUS
10
154.7858369999999866
20
-138.9716389999999819
11
154.8222639999999899
21
-138.788503999999989
0
LINE
8
F.Cu
6
CONTINUOUS
10
154.8222639999999899
20
-138.788503999999989
11
154.8937200000000018
21
-138.6159949999999981
0
LINE
8
F.Cu
6
CONTINUOUS
10
154.8937200000000018
20
-138.6159949999999981
11
154.9974579999999946
21
-138.460739999999987
0
LINE
8
F.Cu
6
CONTINUOUS
10
154.9974579999999946
20
-138.460739999999987
11
155.1294900000000041
21
-138.328708000000006
0
LINE
8
F.Cu
6
CONTINUOUS
10
155.1294900000000041
20
-138.328708000000006
11
155.2847449999999867
21
-138.2249699999999848
0
LINE
8
F.Cu
6
CONTINUOUS
10
155.2847449999999867
20
-138.2249699999999848
11
155.457254000000006
21
-138.1535140000000013
0
LINE
8
F.Cu
6
CONTINUOUS
10
155.457254000000006
20
-138.1535140000000013
11
155.640388999999999
21
-138.1170869999999979
0
LINE
8
F.Cu
6
CONTINUOUS
10
155.640388999999999
20
-138.1170869999999979
11
155.8271110000000022
21
-138.1170869999999979
0
LINE
8
F.Cu
6
CONTINUOUS
10
155.8271110000000022
20
-138.1170869999999979
11
156.0102459999999951
21
-138.1535140000000013
0
LINE
8
F.Cu
6
CONTINUOUS
10
161.0902459999999792
20
-138.1535140000000013
11
161.2627549999999985
21
-138.2249699999999848
0
LINE
8
F.Cu
6
CONTINUOUS
10
161.2627549999999985
20
-138.2249699999999848
11
161.4180099999999811
21
-138.328708000000006
0
LINE
8
F.Cu
6
CONTINUOUS
10
161.4180099999999811
20
-138.328708000000006
11
161.5500419999999906
21
-138.460739999999987
0
LINE
8
F.Cu
6
CONTINUOUS
10
161.5500419999999906
20
-138.460739999999987
11
161.6537799999999834
21
-138.6159949999999981
0
LINE
8
F.Cu
6
CONTINUOUS
10
161.6537799999999834
20
-138.6159949999999981
11
161.7252359999999953
21
-138.788503999999989
0
LINE
8
F.Cu
6
CONTINUOUS
10
161.7252359999999953
20
-138.788503999999989
11
161.7616629999999986
21
-138.9716389999999819
0
LINE
8
F.Cu
6
CONTINUOUS
10
161.7616629999999986
20
-138.9716389999999819
11
161.7616629999999986
21
-139.1583609999999851
0
LINE
8
F.Cu
6
CONTINUOUS
10
161.7616629999999986
20
-139.1583609999999851
11
161.7252359999999953
21
-139.3414960000000065
0
LINE
8
F.Cu
6
CONTINUOUS
10
161.7252359999999953
20
-139.3414960000000065
11
161.6537799999999834
21
-139.5140049999999974
0
LINE
8
F.Cu
6
CONTINUOUS
10
161.6537799999999834
20
-139.5140049999999974
11
161.5500419999999906
21
-139.66925999999998
0
LINE
8
F.Cu
6
CONTINUOUS
10
161.5500419999999906
20
-139.66925999999998
11
161.4180099999999811
21
-139.8012919999999895
0
LINE
8
F.Cu
6
CONTINUOUS
10
161.4180099999999811
20
-139.8012919999999895
11
161.2627549999999985
21
-139.9050299999999822
0
LINE
8
F.Cu
6
CONTINUOUS
10
161.2627549999999985
20
-139.9050299999999822
11
161.0902459999999792
21
-139.9764859999999942
0
LINE
8
F.Cu
6
CONTINUOUS
10
161.0902459999999792
20
-139.9764859999999942
11
160.9071109999999862
21
-140.0129129999999975
0
LINE
8
F.Cu
6
CONTINUOUS
10
160.9071109999999862
20
-140.0129129999999975
11
160.7203889999999831
21
-140.0129129999999975
0
LINE
8
F.Cu
6
CONTINUOUS
10
160.7203889999999831
20
-140.0129129999999975
11
160.5372539999999901
21
-139.9764859999999942
0
LINE
8
F.Cu
6
CONTINUOUS
10
160.5372539999999901
20
-139.9764859999999942
11
160.3647449999999992
21
-139.9050299999999822
0
LINE
8
F.Cu
6
CONTINUOUS
10
160.3647449999999992
20
-139.9050299999999822
11
160.2094899999999882
21
-139.8012919999999895
0
LINE
8
F.Cu
6
CONTINUOUS
10
160.2094899999999882
20
-139.8012919999999895
11
160.0774579999999787
21
-139.66925999999998
0
LINE
8
F.Cu
6
CONTINUOUS
10
160.0774579999999787
20
-139.66925999999998
11
159.9737199999999859
21
-139.5140049999999974
0
LINE
8
F.Cu
6
CONTINUOUS
10
159.9737199999999859
20
-139.5140049999999974
11
159.9022640000000024
21
-139.3414960000000065
0
LINE
8
F.Cu
6
CONTINUOUS
10
159.9022640000000024
20
-139.3414960000000065
11
159.8658369999999991
21
-139.1583609999999851
0
LINE
8
F.Cu
6
CONTINUOUS
10
159.8658369999999991
20
-139.1583609999999851
11
159.8658369999999991
21
-138.9716389999999819
0
LINE
8
F.Cu
6
CONTINUOUS
10
159.8658369999999991
20
-138.9716389999999819
11
159.9022640000000024
21
-138.788503999999989
0
LINE
8
F.Cu
6
CONTINUOUS
10
159.9022640000000024
20
-138.788503999999989
11
159.9737199999999859
21
-138.6159949999999981
0
LINE
8
F.Cu
6
CONTINUOUS
10
159.9737199999999859
20
-138.6159949999999981
11
160.0774579999999787
21
-138.460739999999987
0
LINE
8
F.Cu
6
CONTINUOUS
10
160.0774579999999787
20
-138.460739999999987
11
160.2094899999999882
21
-138.328708000000006
0
LINE
8
F.Cu
6
CONTINUOUS
10
160.2094899999999882
20
-138.328708000000006
11
160.3647449999999992
21
-138.2249699999999848
0
LINE
8
F.Cu
6
CONTINUOUS
10
160.3647449999999992
20
-138.2249699999999848
11
160.5372539999999901
21
-138.1535140000000013
0
LINE
8
F.Cu
6
CONTINUOUS
10
160.5372539999999901
20
-138.1535140000000013
11
160.7203889999999831
21
-138.1170869999999979
0
LINE
8
F.Cu
6
CONTINUOUS
10
160.7203889999999831
20
-138.1170869999999979
11
160.9071109999999862
21
-138.1170869999999979
0
LINE
8
F.Cu
6
CONTINUOUS
10
160.9071109999999862
20
-138.1170869999999979
11
161.0902459999999792
21
-138.1535140000000013
0
LINE
8
F.Cu
6
CONTINUOUS
10
124.7632429999999886
20
-134.4304249999999854
11
124.9527749999999884
21
-134.4920079999999984
0
LINE
8
F.Cu
6
CONTINUOUS
10
124.9527749999999884
20
-134.4920079999999984
11
125.1303399999999897
21
-134.5824819999999988
0
LINE
8
F.Cu
6
CONTINUOUS
10
125.1303399999999897
20
-134.5824819999999988
11
125.2915659999999889
21
-134.6996189999999842
0
LINE
8
F.Cu
6
CONTINUOUS
10
125.2915659999999889
20
-134.6996189999999842
11
125.3647929999999917
21
-134.7673089999999831
0
LINE
8
F.Cu
6
CONTINUOUS
10
125.3647929999999917
20
-134.7673089999999831
11
127.1608449999999948
21
-136.5633609999999862
0
LINE
8
F.Cu
6
CONTINUOUS
10
127.1608449999999948
20
-136.5633609999999862
11
127.2285089999999883
21
-136.6365610000000004
0
LINE
8
F.Cu
6
CONTINUOUS
10
127.2285089999999883
20
-136.6365610000000004
11
127.2285349999999937
21
-136.6365869999999916
0
LINE
8
F.Cu
6
CONTINUOUS
10
127.2285349999999937
20
-136.6365869999999916
11
127.3456719999999933
21
-136.7978129999999908
0
LINE
8
F.Cu
6
CONTINUOUS
10
127.3456719999999933
20
-136.7978129999999908
11
127.4361459999999937
21
-136.9753780000000063
0
LINE
8
F.Cu
6
CONTINUOUS
10
127.4361459999999937
20
-136.9753780000000063
11
127.4964459999999917
21
-137.1609599999999887
0
LINE
8
F.Cu
6
CONTINUOUS
10
127.4964459999999917
20
-137.1609599999999887
11
127.4977289999999925
21
-137.1649109999999894
0
LINE
8
F.Cu
6
CONTINUOUS
10
127.4977289999999925
20
-137.1649109999999894
11
127.5289039999999972
21
-137.3617439999999874
0
LINE
8
F.Cu
6
CONTINUOUS
10
127.5289039999999972
20
-137.3617439999999874
11
127.5289039999999972
21
-137.5610299999999881
0
LINE
8
F.Cu
6
CONTINUOUS
10
127.5289039999999972
20
-137.5610299999999881
11
127.4977289999999925
21
-137.7578629999999862
0
LINE
8
F.Cu
6
CONTINUOUS
10
127.4977289999999925
20
-137.7578629999999862
11
127.4361459999999937
21
-137.9473950000000002
0
LINE
8
F.Cu
6
CONTINUOUS
10
127.4361459999999937
20
-137.9473950000000002
11
127.3456719999999933
21
-138.1249599999999873
0
LINE
8
F.Cu
6
CONTINUOUS
10
127.3456719999999933
20
-138.1249599999999873
11
127.2285339999999962
21
-138.2861859999999865
0
LINE
8
F.Cu
6
CONTINUOUS
10
127.2285339999999962
20
-138.2861859999999865
11
127.087617999999992
21
-138.4271019999999908
0
LINE
8
F.Cu
6
CONTINUOUS
10
127.087617999999992
20
-138.4271019999999908
11
126.9263919999999928
21
-138.5442400000000021
0
LINE
8
F.Cu
6
CONTINUOUS
10
126.9263919999999928
20
-138.5442400000000021
11
126.7488269999999915
21
-138.6347140000000024
0
LINE
8
F.Cu
6
CONTINUOUS
10
126.7488269999999915
20
-138.6347140000000024
11
126.5592949999999917
21
-138.6962969999999871
0
LINE
8
F.Cu
6
CONTINUOUS
10
126.5592949999999917
20
-138.6962969999999871
11
126.3624619999999936
21
-138.7274720000000059
0
LINE
8
F.Cu
6
CONTINUOUS
10
126.3624619999999936
20
-138.7274720000000059
11
126.1631759999999929
21
-138.7274720000000059
0
LINE
8
F.Cu
6
CONTINUOUS
10
126.1631759999999929
20
-138.7274720000000059
11
125.9663429999999948
21
-138.6962969999999871
0
LINE
8
F.Cu
6
CONTINUOUS
10
125.9663429999999948
20
-138.6962969999999871
11
125.776810999999995
21
-138.6347140000000024
0
LINE
8
F.Cu
6
CONTINUOUS
10
125.776810999999995
20
-138.6347140000000024
11
125.5992459999999937
21
-138.5442400000000021
0
LINE
8
F.Cu
6
CONTINUOUS
10
125.5992459999999937
20
-138.5442400000000021
11
125.4380199999999945
21
-138.4271019999999908
0
LINE
8
F.Cu
6
CONTINUOUS
10
125.4380199999999945
20
-138.4271019999999908
11
125.3647929999999917
21
-138.3594129999999893
0
LINE
8
F.Cu
6
CONTINUOUS
10
125.3647929999999917
20
-138.3594129999999893
11
123.5687409999999886
21
-136.5633609999999862
0
LINE
8
F.Cu
6
CONTINUOUS
10
123.5687409999999886
20
-136.5633609999999862
11
123.5010509999999897
21
-136.4901339999999834
0
LINE
8
F.Cu
6
CONTINUOUS
10
123.5010509999999897
20
-136.4901339999999834
11
123.3839139999999901
21
-136.3289079999999842
0
LINE
8
F.Cu
6
CONTINUOUS
10
123.3839139999999901
20
-136.3289079999999842
11
123.2934399999999897
21
-136.1513429999999971
0
LINE
8
F.Cu
6
CONTINUOUS
10
123.2934399999999897
20
-136.1513429999999971
11
123.2318569999999909
21
-135.9618109999999831
0
LINE
8
F.Cu
6
CONTINUOUS
10
123.2318569999999909
20
-135.9618109999999831
11
123.2006820000000005
21
-135.7649779999999851
0
LINE
8
F.Cu
6
CONTINUOUS
10
123.2006820000000005
20
-135.7649779999999851
11
123.2006820000000005
21
-135.5656919999999843
0
LINE
8
F.Cu
6
CONTINUOUS
10
123.2006820000000005
20
-135.5656919999999843
11
123.2318569999999909
21
-135.3688589999999863
0
LINE
8
F.Cu
6
CONTINUOUS
10
123.2318569999999909
20
-135.3688589999999863
11
123.2934399999999897
21
-135.1793270000000007
0
LINE
8
F.Cu
6
CONTINUOUS
10
123.2934399999999897
20
-135.1793270000000007
11
123.3839139999999901
21
-135.0017619999999852
0
LINE
8
F.Cu
6
CONTINUOUS
10
123.3839139999999901
20
-135.0017619999999852
11
123.5010509999999897
21
-134.840535999999986
0
LINE
8
F.Cu
6
CONTINUOUS
10
123.5010509999999897
20
-134.840535999999986
11
123.6419679999999914
21
-134.6996189999999842
0
LINE
8
F.Cu
6
CONTINUOUS
10
123.6419679999999914
20
-134.6996189999999842
11
123.8031939999999906
21
-134.5824819999999988
0
LINE
8
F.Cu
6
CONTINUOUS
10
123.8031939999999906
20
-134.5824819999999988
11
123.9807589999999919
21
-134.4920079999999984
0
LINE
8
F.Cu
6
CONTINUOUS
10
123.9807589999999919
20
-134.4920079999999984
11
124.1702909999999918
21
-134.4304249999999854
0
LINE
8
F.Cu
6
CONTINUOUS
10
124.1702909999999918
20
-134.4304249999999854
11
124.3671239999999898
21
-134.399249999999995
0
LINE
8
F.Cu
6
CONTINUOUS
10
124.3671239999999898
20
-134.399249999999995
11
124.5664099999999905
21
-134.399249999999995
0
LINE
8
F.Cu
6
CONTINUOUS
10
124.5664099999999905
20
-134.399249999999995
11
124.7632429999999886
21
-134.4304249999999854
0
LINE
8
F.Cu
6
CONTINUOUS
10
145.8702260000000024
20
-132.7500900000000001
11
146.059757999999988
21
-132.8116729999999848
0
LINE
8
F.Cu
6
CONTINUOUS
10
146.059757999999988
20
-132.8116729999999848
11
146.2373230000000035
21
-132.9021469999999852
0
LINE
8
F.Cu
6
CONTINUOUS
10
146.2373230000000035
20
-132.9021469999999852
11
146.3985490000000027
21
-133.019283999999999
0
LINE
8
F.Cu
6
CONTINUOUS
10
146.3985490000000027
20
-133.019283999999999
11
146.5394660000000044
21
-133.1602010000000007
0
LINE
8
F.Cu
6
CONTINUOUS
10
146.5394660000000044
20
-133.1602010000000007
11
146.6566029999999898
21
-133.3214269999999999
0
LINE
8
F.Cu
6
CONTINUOUS
10
146.6566029999999898
20
-133.3214269999999999
11
146.7470769999999902
21
-133.498991999999987
0
LINE
8
F.Cu
6
CONTINUOUS
10
146.7470769999999902
20
-133.498991999999987
11
146.8086600000000033
21
-133.688524000000001
0
LINE
8
F.Cu
6
CONTINUOUS
10
146.8086600000000033
20
-133.688524000000001
11
146.8398349999999937
21
-133.8853569999999991
0
LINE
8
F.Cu
6
CONTINUOUS
10
146.8398349999999937
20
-133.8853569999999991
11
146.8398349999999937
21
-134.0846429999999998
0
LINE
8
F.Cu
6
CONTINUOUS
10
146.8398349999999937
20
-134.0846429999999998
11
146.8086600000000033
21
-134.2814759999999978
0
LINE
8
F.Cu
6
CONTINUOUS
10
146.8086600000000033
20
-134.2814759999999978
11
146.7470769999999902
21
-134.4710079999999834
0
LINE
8
F.Cu
6
CONTINUOUS
10
146.7470769999999902
20
-134.4710079999999834
11
146.6566029999999898
21
-134.648572999999999
0
LINE
8
F.Cu
6
CONTINUOUS
10
146.6566029999999898
20
-134.648572999999999
11
146.5394660000000044
21
-134.8097989999999982
0
LINE
8
F.Cu
6
CONTINUOUS
10
146.5394660000000044
20
-134.8097989999999982
11
146.3985490000000027
21
-134.9507159999999999
0
LINE
8
F.Cu
6
CONTINUOUS
10
146.3985490000000027
20
-134.9507159999999999
11
146.2373230000000035
21
-135.0678529999999853
0
LINE
8
F.Cu
6
CONTINUOUS
10
146.2373230000000035
20
-135.0678529999999853
11
146.059757999999988
21
-135.1583269999999857
0
LINE
8
F.Cu
6
CONTINUOUS
10
146.059757999999988
20
-135.1583269999999857
11
145.8702260000000024
21
-135.2199099999999987
0
LINE
8
F.Cu
6
CONTINUOUS
10
145.8702260000000024
20
-135.2199099999999987
11
145.6733930000000043
21
-135.2510849999999891
0
LINE
8
F.Cu
6
CONTINUOUS
10
145.6733930000000043
20
-135.2510849999999891
11
145.4741070000000036
21
-135.2510849999999891
0
LINE
8
F.Cu
6
CONTINUOUS
10
145.4741070000000036
20
-135.2510849999999891
11
145.2772740000000056
21
-135.2199099999999987
0
LINE
8
F.Cu
6
CONTINUOUS
10
145.2772740000000056
20
-135.2199099999999987
11
145.0877419999999915
21
-135.1583269999999857
0
LINE
8
F.Cu
6
CONTINUOUS
10
145.0877419999999915
20
-135.1583269999999857
11
144.9101770000000045
21
-135.0678529999999853
0
LINE
8
F.Cu
6
CONTINUOUS
10
144.9101770000000045
20
-135.0678529999999853
11
144.7489510000000053
21
-134.9507159999999999
0
LINE
8
F.Cu
6
CONTINUOUS
10
144.7489510000000053
20
-134.9507159999999999
11
144.6080340000000035
21
-134.8097989999999982
0
LINE
8
F.Cu
6
CONTINUOUS
10
144.6080340000000035
20
-134.8097989999999982
11
144.4908969999999897
21
-134.648572999999999
0
LINE
8
F.Cu
6
CONTINUOUS
10
144.4908969999999897
20
-134.648572999999999
11
144.4004229999999893
21
-134.4710079999999834
0
LINE
8
F.Cu
6
CONTINUOUS
10
144.4004229999999893
20
-134.4710079999999834
11
144.3388400000000047
21
-134.2814759999999978
0
LINE
8
F.Cu
6
CONTINUOUS
10
144.3388400000000047
20
-134.2814759999999978
11
144.3076649999999859
21
-134.0846429999999998
0
LINE
8
F.Cu
6
CONTINUOUS
10
144.3076649999999859
20
-134.0846429999999998
11
144.3076649999999859
21
-133.8853569999999991
0
LINE
8
F.Cu
6
CONTINUOUS
10
144.3076649999999859
20
-133.8853569999999991
11
144.3388400000000047
21
-133.688524000000001
0
LINE
8
F.Cu
6
CONTINUOUS
10
144.3388400000000047
20
-133.688524000000001
11
144.4004229999999893
21
-133.498991999999987
0
LINE
8
F.Cu
6
CONTINUOUS
10
144.4004229999999893
20
-133.498991999999987
11
144.4908969999999897
21
-133.3214269999999999
0
LINE
8
F.Cu
6
CONTINUOUS
10
144.4908969999999897
20
-133.3214269999999999
11
144.6080340000000035
21
-133.1602010000000007
0
LINE
8
F.Cu
6
CONTINUOUS
10
144.6080340000000035
20
-133.1602010000000007
11
144.7489510000000053
21
-133.019283999999999
0
LINE
8
F.Cu
6
CONTINUOUS
10
144.7489510000000053
20
-133.019283999999999
11
144.9101770000000045
21
-132.9021469999999852
0
LINE
8
F.Cu
6
CONTINUOUS
10
144.9101770000000045
20
-132.9021469999999852
11
145.0877419999999915
21
-132.8116729999999848
0
LINE
8
F.Cu
6
CONTINUOUS
10
145.0877419999999915
20
-132.8116729999999848
11
145.2772740000000056
21
-132.7500900000000001
0
LINE
8
F.Cu
6
CONTINUOUS
10
145.2772740000000056
20
-132.7500900000000001
11
145.4741070000000036
21
-132.7189149999999813
0
LINE
8
F.Cu
6
CONTINUOUS
10
145.4741070000000036
20
-132.7189149999999813
11
145.6733930000000043
21
-132.7189149999999813
0
LINE
8
F.Cu
6
CONTINUOUS
10
145.6733930000000043
20
-132.7189149999999813
11
145.8702260000000024
21
-132.7500900000000001
0
LINE
8
F.Cu
6
CONTINUOUS
10
166.1902259999999956
20
-132.7500900000000001
11
166.3797579999999812
21
-132.8116729999999848
0
LINE
8
F.Cu
6
CONTINUOUS
10
166.3797579999999812
20
-132.8116729999999848
11
166.5573229999999967
21
-132.9021469999999852
0
LINE
8
F.Cu
6
CONTINUOUS
10
166.5573229999999967
20
-132.9021469999999852
11
166.7185489999999959
21
-133.019283999999999
0
LINE
8
F.Cu
6
CONTINUOUS
10
166.7185489999999959
20
-133.019283999999999
11
166.8594659999999976
21
-133.1602010000000007
0
LINE
8
F.Cu
6
CONTINUOUS
10
166.8594659999999976
20
-133.1602010000000007
11
166.976602999999983
21
-133.3214269999999999
0
LINE
8
F.Cu
6
CONTINUOUS
10
166.976602999999983
20
-133.3214269999999999
11
167.0670769999999834
21
-133.498991999999987
0
LINE
8
F.Cu
6
CONTINUOUS
10
167.0670769999999834
20
-133.498991999999987
11
167.1286599999999964
21
-133.688524000000001
0
LINE
8
F.Cu
6
CONTINUOUS
10
167.1286599999999964
20
-133.688524000000001
11
167.1598349999999868
21
-133.8853569999999991
0
LINE
8
F.Cu
6
CONTINUOUS
10
167.1598349999999868
20
-133.8853569999999991
11
167.1598349999999868
21
-134.0846429999999998
0
LINE
8
F.Cu
6
CONTINUOUS
10
167.1598349999999868
20
-134.0846429999999998
11
167.1286599999999964
21
-134.2814759999999978
0
LINE
8
F.Cu
6
CONTINUOUS
10
167.1286599999999964
20
-134.2814759999999978
11
167.0670769999999834
21
-134.4710079999999834
0
LINE
8
F.Cu
6
CONTINUOUS
10
167.0670769999999834
20
-134.4710079999999834
11
166.976602999999983
21
-134.648572999999999
0
LINE
8
F.Cu
6
CONTINUOUS
10
166.976602999999983
20
-134.648572999999999
11
166.8594659999999976
21
-134.8097989999999982
0
LINE
8
F.Cu
6
CONTINUOUS
10
166.8594659999999976
20
-134.8097989999999982
11
166.7185489999999959
21
-134.9507159999999999
0
LINE
8
F.Cu
6
CONTINUOUS
10
166.7185489999999959
20
-134.9507159999999999
11
166.5573229999999967
21
-135.0678529999999853
0
LINE
8
F.Cu
6
CONTINUOUS
10
166.5573229999999967
20
-135.0678529999999853
11
166.3797579999999812
21
-135.1583269999999857
0
LINE
8
F.Cu
6
CONTINUOUS
10
166.3797579999999812
20
-135.1583269999999857
11
166.1902259999999956
21
-135.2199099999999987
0
LINE
8
F.Cu
6
CONTINUOUS
10
166.1902259999999956
20
-135.2199099999999987
11
165.9933929999999975
21
-135.2510849999999891
0
LINE
8
F.Cu
6
CONTINUOUS
10
165.9933929999999975
20
-135.2510849999999891
11
165.7941069999999968
21
-135.2510849999999891
0
LINE
8
F.Cu
6
CONTINUOUS
10
165.7941069999999968
20
-135.2510849999999891
11
165.5972739999999988
21
-135.2199099999999987
0
LINE
8
F.Cu
6
CONTINUOUS
10
165.5972739999999988
20
-135.2199099999999987
11
165.4077419999999847
21
-135.1583269999999857
0
LINE
8
F.Cu
6
CONTINUOUS
10
165.4077419999999847
20
-135.1583269999999857
11
165.2301769999999976
21
-135.0678529999999853
0
LINE
8
F.Cu
6
CONTINUOUS
10
165.2301769999999976
20
-135.0678529999999853
11
165.0689509999999984
21
-134.9507159999999999
0
LINE
8
F.Cu
6
CONTINUOUS
10
165.0689509999999984
20
-134.9507159999999999
11
164.9280339999999967
21
-134.8097989999999982
0
LINE
8
F.Cu
6
CONTINUOUS
10
164.9280339999999967
20
-134.8097989999999982
11
164.8108969999999829
21
-134.648572999999999
0
LINE
8
F.Cu
6
CONTINUOUS
10
164.8108969999999829
20
-134.648572999999999
11
164.7204229999999825
21
-134.4710079999999834
0
LINE
8
F.Cu
6
CONTINUOUS
10
164.7204229999999825
20
-134.4710079999999834
11
164.6588399999999979
21
-134.2814759999999978
0
LINE
8
F.Cu
6
CONTINUOUS
10
164.6588399999999979
20
-134.2814759999999978
11
164.627664999999979
21
-134.0846429999999998
0
LINE
8
F.Cu
6
CONTINUOUS
10
164.627664999999979
20
-134.0846429999999998
11
164.627664999999979
21
-133.8853569999999991
0
LINE
8
F.Cu
6
CONTINUOUS
10
164.627664999999979
20
-133.8853569999999991
11
164.6588399999999979
21
-133.688524000000001
0
LINE
8
F.Cu
6
CONTINUOUS
10
164.6588399999999979
20
-133.688524000000001
11
164.7204229999999825
21
-133.498991999999987
0
LINE
8
F.Cu
6
CONTINUOUS
10
164.7204229999999825
20
-133.498991999999987
11
164.8108969999999829
21
-133.3214269999999999
0
LINE
8
F.Cu
6
CONTINUOUS
10
164.8108969999999829
20
-133.3214269999999999
11
164.9280339999999967
21
-133.1602010000000007
0
LINE
8
F.Cu
6
CONTINUOUS
10
164.9280339999999967
20
-133.1602010000000007
11
165.0689509999999984
21
-133.019283999999999
0
LINE
8
F.Cu
6
CONTINUOUS
10
165.0689509999999984
20
-133.019283999999999
11
165.2301769999999976
21
-132.9021469999999852
0
LINE
8
F.Cu
6
CONTINUOUS
10
165.2301769999999976
20
-132.9021469999999852
11
165.4077419999999847
21
-132.8116729999999848
0
LINE
8
F.Cu
6
CONTINUOUS
10
165.4077419999999847
20
-132.8116729999999848
11
165.5972739999999988
21
-132.7500900000000001
0
LINE
8
F.Cu
6
CONTINUOUS
10
165.5972739999999988
20
-132.7500900000000001
11
165.7941069999999968
21
-132.7189149999999813
0
LINE
8
F.Cu
6
CONTINUOUS
10
165.7941069999999968
20
-132.7189149999999813
11
165.9933929999999975
21
-132.7189149999999813
0
LINE
8
F.Cu
6
CONTINUOUS
10
165.9933929999999975
20
-132.7189149999999813
11
166.1902259999999956
21
-132.7500900000000001
0
LINE
8
F.Cu
6
CONTINUOUS
10
119.3750900000000001
20
-129.0422709999999995
11
119.564622
21
-129.1038539999999841
0
LINE
8
F.Cu
6
CONTINUOUS
10
119.564622
20
-129.1038539999999841
11
119.7421870000000013
21
-129.1943279999999845
0
LINE
8
F.Cu
6
CONTINUOUS
10
119.7421870000000013
20
-129.1943279999999845
11
119.9034130000000005
21
-129.3114649999999983
0
LINE
8
F.Cu
6
CONTINUOUS
10
119.9034130000000005
20
-129.3114649999999983
11
119.9766399999999891
21
-129.3791549999999972
0
LINE
8
F.Cu
6
CONTINUOUS
10
119.9766399999999891
20
-129.3791549999999972
11
121.7726919999999922
21
-131.1752070000000003
0
LINE
8
F.Cu
6
CONTINUOUS
10
121.7726919999999922
20
-131.1752070000000003
11
121.8403809999999936
21
-131.2484340000000032
0
LINE
8
F.Cu
6
CONTINUOUS
10
121.8403809999999936
20
-131.2484340000000032
11
121.9575189999999907
21
-131.4096600000000024
0
LINE
8
F.Cu
6
CONTINUOUS
10
121.9575189999999907
20
-131.4096600000000024
11
122.0479929999999911
21
-131.5872249999999894
0
LINE
8
F.Cu
6
CONTINUOUS
10
122.0479929999999911
20
-131.5872249999999894
11
122.1095759999999899
21
-131.7767570000000035
0
LINE
8
F.Cu
6
CONTINUOUS
10
122.1095759999999899
20
-131.7767570000000035
11
122.1407509999999945
21
-131.9735900000000015
0
LINE
8
F.Cu
6
CONTINUOUS
10
122.1407509999999945
20
-131.9735900000000015
11
122.1407509999999945
21
-132.1728760000000023
0
LINE
8
F.Cu
6
CONTINUOUS
10
122.1407509999999945
20
-132.1728760000000023
11
122.1095759999999899
21
-132.3697090000000003
0
LINE
8
F.Cu
6
CONTINUOUS
10
122.1095759999999899
20
-132.3697090000000003
11
122.0479929999999911
21
-132.5592409999999859
0
LINE
8
F.Cu
6
CONTINUOUS
10
122.0479929999999911
20
-132.5592409999999859
11
121.9575189999999907
21
-132.7368060000000014
0
LINE
8
F.Cu
6
CONTINUOUS
10
121.9575189999999907
20
-132.7368060000000014
11
121.8403809999999936
21
-132.8980320000000006
0
LINE
8
F.Cu
6
CONTINUOUS
10
121.8403809999999936
20
-132.8980320000000006
11
121.6994649999999893
21
-133.0389480000000049
0
LINE
8
F.Cu
6
CONTINUOUS
10
121.6994649999999893
20
-133.0389480000000049
11
121.5382389999999901
21
-133.1560859999999877
0
LINE
8
F.Cu
6
CONTINUOUS
10
121.5382389999999901
20
-133.1560859999999877
11
121.3606739999999888
21
-133.2465599999999881
0
LINE
8
F.Cu
6
CONTINUOUS
10
121.3606739999999888
20
-133.2465599999999881
11
121.171141999999989
21
-133.3081430000000012
0
LINE
8
F.Cu
6
CONTINUOUS
10
121.171141999999989
20
-133.3081430000000012
11
120.974308999999991
21
-133.3393179999999916
0
LINE
8
F.Cu
6
CONTINUOUS
10
120.974308999999991
20
-133.3393179999999916
11
120.7750229999999902
21
-133.3393179999999916
0
LINE
8
F.Cu
6
CONTINUOUS
10
120.7750229999999902
20
-133.3393179999999916
11
120.7750219999999928
21
-133.3393179999999916
0
LINE
8
F.Cu
6
CONTINUOUS
10
120.7750219999999928
20
-133.3393179999999916
11
120.5781889999999947
21
-133.3081430000000012
0
LINE
8
F.Cu
6
CONTINUOUS
10
120.5781889999999947
20
-133.3081430000000012
11
120.3886569999999949
21
-133.2465599999999881
0
LINE
8
F.Cu
6
CONTINUOUS
10
120.3886569999999949
20
-133.2465599999999881
11
120.2110919999999936
21
-133.1560859999999877
0
LINE
8
F.Cu
6
CONTINUOUS
10
120.2110919999999936
20
-133.1560859999999877
11
120.0498659999999944
21
-133.0389490000000023
0
LINE
8
F.Cu
6
CONTINUOUS
10
120.0498659999999944
20
-133.0389490000000023
11
120.049839999999989
21
-133.0389229999999827
0
LINE
8
F.Cu
6
CONTINUOUS
10
120.049839999999989
20
-133.0389229999999827
11
119.9766399999999891
21
-132.9712590000000034
0
LINE
8
F.Cu
6
CONTINUOUS
10
119.9766399999999891
20
-132.9712590000000034
11
118.1805880000000002
21
-131.1752070000000003
0
LINE
8
F.Cu
6
CONTINUOUS
10
118.1805880000000002
20
-131.1752070000000003
11
118.1128980000000013
21
-131.1019799999999975
0
LINE
8
F.Cu
6
CONTINUOUS
10
118.1128980000000013
20
-131.1019799999999975
11
117.9957610000000017
21
-130.9407539999999983
0
LINE
8
F.Cu
6
CONTINUOUS
10
117.9957610000000017
20
-130.9407539999999983
11
117.9052870000000013
21
-130.7631889999999828
0
LINE
8
F.Cu
6
CONTINUOUS
10
117.9052870000000013
20
-130.7631889999999828
11
117.8437039999999882
21
-130.5736569999999972
0
LINE
8
F.Cu
6
CONTINUOUS
10
117.8437039999999882
20
-130.5736569999999972
11
117.8125289999999978
21
-130.3768239999999992
0
LINE
8
F.Cu
6
CONTINUOUS
10
117.8125289999999978
20
-130.3768239999999992
11
117.8125289999999978
21
-130.1775379999999984
0
LINE
8
F.Cu
6
CONTINUOUS
10
117.8125289999999978
20
-130.1775379999999984
11
117.8437039999999882
21
-129.9807050000000004
0
LINE
8
F.Cu
6
CONTINUOUS
10
117.8437039999999882
20
-129.9807050000000004
11
117.9052870000000013
21
-129.7911729999999864
0
LINE
8
F.Cu
6
CONTINUOUS
10
117.9052870000000013
20
-129.7911729999999864
11
117.9957610000000017
21
-129.6136079999999993
0
LINE
8
F.Cu
6
CONTINUOUS
10
117.9957610000000017
20
-129.6136079999999993
11
118.1128980000000013
21
-129.4523820000000001
0
LINE
8
F.Cu
6
CONTINUOUS
10
118.1128980000000013
20
-129.4523820000000001
11
118.2538149999999888
21
-129.3114649999999983
0
LINE
8
F.Cu
6
CONTINUOUS
10
118.2538149999999888
20
-129.3114649999999983
11
118.415040999999988
21
-129.1943279999999845
0
LINE
8
F.Cu
6
CONTINUOUS
10
118.415040999999988
20
-129.1943279999999845
11
118.5926059999999893
21
-129.1038539999999841
0
LINE
8
F.Cu
6
CONTINUOUS
10
118.5926059999999893
20
-129.1038539999999841
11
118.7821379999999891
21
-129.0422709999999995
0
LINE
8
F.Cu
6
CONTINUOUS
10
118.7821379999999891
20
-129.0422709999999995
11
118.9789710000000014
21
-129.0110959999999807
0
LINE
8
F.Cu
6
CONTINUOUS
10
118.9789710000000014
20
-129.0110959999999807
11
119.1782569999999879
21
-129.0110959999999807
0
LINE
8
F.Cu
6
CONTINUOUS
10
119.1782569999999879
20
-129.0110959999999807
11
119.3750900000000001
21
-129.0422709999999995
0
LINE
8
F.Cu
6
CONTINUOUS
10
131.6374769999999899
20
-127.3281819999999982
11
131.6374779999999873
21
-127.3281819999999982
0
LINE
8
F.Cu
6
CONTINUOUS
10
131.6374779999999873
20
-127.3281819999999982
11
131.8343109999999854
21
-127.3593569999999886
0
LINE
8
F.Cu
6
CONTINUOUS
10
131.8343109999999854
20
-127.3593569999999886
11
132.0238429999999994
21
-127.4209399999999874
0
LINE
8
F.Cu
6
CONTINUOUS
10
132.0238429999999994
20
-127.4209399999999874
11
132.2014079999999865
21
-127.5114139999999878
0
LINE
8
F.Cu
6
CONTINUOUS
10
132.2014079999999865
20
-127.5114139999999878
11
132.3626339999999857
21
-127.6285509999999874
0
LINE
8
F.Cu
6
CONTINUOUS
10
132.3626339999999857
20
-127.6285509999999874
11
132.3626459999999838
21
-127.6285629999999998
0
LINE
8
F.Cu
6
CONTINUOUS
10
132.3626459999999838
20
-127.6285629999999998
11
132.435859999999991
21
-127.6962410000000006
0
LINE
8
F.Cu
6
CONTINUOUS
10
132.435859999999991
20
-127.6962410000000006
11
134.2319119999999941
21
-129.4922929999999894
0
LINE
8
F.Cu
6
CONTINUOUS
10
134.2319119999999941
20
-129.4922929999999894
11
134.2996009999999956
21
-129.5655199999999923
0
LINE
8
F.Cu
6
CONTINUOUS
10
134.2996009999999956
20
-129.5655199999999923
11
134.4167390000000069
21
-129.7267459999999915
0
LINE
8
F.Cu
6
CONTINUOUS
10
134.4167390000000069
20
-129.7267459999999915
11
134.5072130000000072
21
-129.904311000000007
0
LINE
8
F.Cu
6
CONTINUOUS
10
134.5072130000000072
20
-129.904311000000007
11
134.5687959999999919
21
-130.0938429999999926
0
LINE
8
F.Cu
6
CONTINUOUS
10
134.5687959999999919
20
-130.0938429999999926
11
134.5999709999999823
21
-130.2906759999999906
0
LINE
8
F.Cu
6
CONTINUOUS
10
134.5999709999999823
20
-130.2906759999999906
11
134.5999709999999823
21
-130.4899619999999913
0
LINE
8
F.Cu
6
CONTINUOUS
10
134.5999709999999823
20
-130.4899619999999913
11
134.5687959999999919
21
-130.6867949999999894
0
LINE
8
F.Cu
6
CONTINUOUS
10
134.5687959999999919
20
-130.6867949999999894
11
134.5072130000000072
21
-130.8763270000000034
0
LINE
8
F.Cu
6
CONTINUOUS
10
134.5072130000000072
20
-130.8763270000000034
11
134.4167390000000069
21
-131.0538919999999905
0
LINE
8
F.Cu
6
CONTINUOUS
10
134.4167390000000069
20
-131.0538919999999905
11
134.2996009999999956
21
-131.2151179999999897
0
LINE
8
F.Cu
6
CONTINUOUS
10
134.2996009999999956
20
-131.2151179999999897
11
134.1586849999999913
21
-131.356033999999994
0
LINE
8
F.Cu
6
CONTINUOUS
10
134.1586849999999913
20
-131.356033999999994
11
133.9974589999999921
21
-131.4731720000000053
0
LINE
8
F.Cu
6
CONTINUOUS
10
133.9974589999999921
20
-131.4731720000000053
11
133.819894000000005
21
-131.5636460000000056
0
LINE
8
F.Cu
6
CONTINUOUS
10
133.819894000000005
20
-131.5636460000000056
11
133.630361999999991
21
-131.6252289999999903
0
LINE
8
F.Cu
6
CONTINUOUS
10
133.630361999999991
20
-131.6252289999999903
11
133.4335289999999929
21
-131.6564039999999807
0
LINE
8
F.Cu
6
CONTINUOUS
10
133.4335289999999929
20
-131.6564039999999807
11
133.2342429999999922
21
-131.6564039999999807
0
LINE
8
F.Cu
6
CONTINUOUS
10
133.2342429999999922
20
-131.6564039999999807
11
133.0374099999999942
21
-131.6252289999999903
0
LINE
8
F.Cu
6
CONTINUOUS
10
133.0374099999999942
20
-131.6252289999999903
11
132.8478779999999801
21
-131.5636460000000056
0
LINE
8
F.Cu
6
CONTINUOUS
10
132.8478779999999801
20
-131.5636460000000056
11
132.6703129999999931
21
-131.4731720000000053
0
LINE
8
F.Cu
6
CONTINUOUS
10
132.6703129999999931
20
-131.4731720000000053
11
132.5090869999999938
21
-131.356033999999994
0
LINE
8
F.Cu
6
CONTINUOUS
10
132.5090869999999938
20
-131.356033999999994
11
132.435859999999991
21
-131.2883449999999925
0
LINE
8
F.Cu
6
CONTINUOUS
10
132.435859999999991
20
-131.2883449999999925
11
130.6398079999999879
21
-129.4922929999999894
0
LINE
8
F.Cu
6
CONTINUOUS
10
130.6398079999999879
20
-129.4922929999999894
11
130.572117999999989
21
-129.4190659999999866
0
LINE
8
F.Cu
6
CONTINUOUS
10
130.572117999999989
20
-129.4190659999999866
11
130.4549810000000036
21
-129.2578399999999874
0
LINE
8
F.Cu
6
CONTINUOUS
10
130.4549810000000036
20
-129.2578399999999874
11
130.3645070000000032
21
-129.0802750000000003
0
LINE
8
F.Cu
6
CONTINUOUS
10
130.3645070000000032
20
-129.0802750000000003
11
130.3029239999999902
21
-128.8907429999999863
0
LINE
8
F.Cu
6
CONTINUOUS
10
130.3029239999999902
20
-128.8907429999999863
11
130.2717489999999998
21
-128.6939099999999883
0
LINE
8
F.Cu
6
CONTINUOUS
10
130.2717489999999998
20
-128.6939099999999883
11
130.2717489999999998
21
-128.4946239999999875
0
LINE
8
F.Cu
6
CONTINUOUS
10
130.2717489999999998
20
-128.4946239999999875
11
130.3029239999999902
21
-128.2977909999999895
0
LINE
8
F.Cu
6
CONTINUOUS
10
130.3029239999999902
20
-128.2977909999999895
11
130.3645070000000032
21
-128.1082590000000039
0
LINE
8
F.Cu
6
CONTINUOUS
10
130.3645070000000032
20
-128.1082590000000039
11
130.4549810000000036
21
-127.9306939999999884
0
LINE
8
F.Cu
6
CONTINUOUS
10
130.4549810000000036
20
-127.9306939999999884
11
130.572117999999989
21
-127.7694679999999892
0
LINE
8
F.Cu
6
CONTINUOUS
10
130.572117999999989
20
-127.7694679999999892
11
130.7130349999999908
21
-127.6285509999999874
0
LINE
8
F.Cu
6
CONTINUOUS
10
130.7130349999999908
20
-127.6285509999999874
11
130.87426099999999
21
-127.5114139999999878
0
LINE
8
F.Cu
6
CONTINUOUS
10
130.87426099999999
20
-127.5114139999999878
11
131.0518260000000055
21
-127.4209399999999874
0
LINE
8
F.Cu
6
CONTINUOUS
10
131.0518260000000055
20
-127.4209399999999874
11
131.2413579999999911
21
-127.3593569999999886
0
LINE
8
F.Cu
6
CONTINUOUS
10
131.2413579999999911
20
-127.3593569999999886
11
131.4381909999999891
21
-127.3281819999999982
0
LINE
8
F.Cu
6
CONTINUOUS
10
131.4381909999999891
20
-127.3281819999999982
11
131.6374769999999899
21
-127.3281819999999982
0
LINE
8
F.Cu
6
CONTINUOUS
10
150.9302459999999826
20
-127.9935139999999905
11
151.1027550000000019
21
-128.0649699999999882
0
LINE
8
F.Cu
6
CONTINUOUS
10
151.1027550000000019
20
-128.0649699999999882
11
151.2580099999999845
21
-128.168707999999981
0
LINE
8
F.Cu
6
CONTINUOUS
10
151.2580099999999845
20
-128.168707999999981
11
151.390041999999994
21
-128.3007399999999905
0
LINE
8
F.Cu
6
CONTINUOUS
10
151.390041999999994
20
-128.3007399999999905
11
151.4937799999999868
21
-128.4559950000000015
0
LINE
8
F.Cu
6
CONTINUOUS
10
151.4937799999999868
20
-128.4559950000000015
11
151.5652359999999987
21
-128.6285039999999924
0
LINE
8
F.Cu
6
CONTINUOUS
10
151.5652359999999987
20
-128.6285039999999924
11
151.6016630000000021
21
-128.8116389999999853
0
LINE
8
F.Cu
6
CONTINUOUS
10
151.6016630000000021
20
-128.8116389999999853
11
151.6016630000000021
21
-128.9983609999999885
0
LINE
8
F.Cu
6
CONTINUOUS
10
151.6016630000000021
20
-128.9983609999999885
11
151.5652359999999987
21
-129.1814959999999814
0
LINE
8
F.Cu
6
CONTINUOUS
10
151.5652359999999987
20
-129.1814959999999814
11
151.4937799999999868
21
-129.3540050000000008
0
LINE
8
F.Cu
6
CONTINUOUS
10
151.4937799999999868
20
-129.3540050000000008
11
151.390041999999994
21
-129.5092599999999834
0
LINE
8
F.Cu
6
CONTINUOUS
10
151.390041999999994
20
-129.5092599999999834
11
151.2580099999999845
21
-129.6412919999999929
0
LINE
8
F.Cu
6
CONTINUOUS
10
151.2580099999999845
20
-129.6412919999999929
11
151.1027550000000019
21
-129.7450299999999856
0
LINE
8
F.Cu
6
CONTINUOUS
10
151.1027550000000019
20
-129.7450299999999856
11
150.9302459999999826
21
-129.8164859999999976
0
LINE
8
F.Cu
6
CONTINUOUS
10
150.9302459999999826
20
-129.8164859999999976
11
150.7471109999999896
21
-129.8529130000000009
0
LINE
8
F.Cu
6
CONTINUOUS
10
150.7471109999999896
20
-129.8529130000000009
11
150.5603889999999865
21
-129.8529130000000009
0
LINE
8
F.Cu
6
CONTINUOUS
10
150.5603889999999865
20
-129.8529130000000009
11
150.3772539999999935
21
-129.8164859999999976
0
LINE
8
F.Cu
6
CONTINUOUS
10
150.3772539999999935
20
-129.8164859999999976
11
150.2047450000000026
21
-129.7450299999999856
0
LINE
8
F.Cu
6
CONTINUOUS
10
150.2047450000000026
20
-129.7450299999999856
11
150.0494899999999916
21
-129.6412919999999929
0
LINE
8
F.Cu
6
CONTINUOUS
10
150.0494899999999916
20
-129.6412919999999929
11
149.9174579999999821
21
-129.5092599999999834
0
LINE
8
F.Cu
6
CONTINUOUS
10
149.9174579999999821
20
-129.5092599999999834
11
149.8137199999999893
21
-129.3540050000000008
0
LINE
8
F.Cu
6
CONTINUOUS
10
149.8137199999999893
20
-129.3540050000000008
11
149.7422640000000058
21
-129.1814959999999814
0
LINE
8
F.Cu
6
CONTINUOUS
10
149.7422640000000058
20
-129.1814959999999814
11
149.7058370000000025
21
-128.9983609999999885
0
LINE
8
F.Cu
6
CONTINUOUS
10
149.7058370000000025
20
-128.9983609999999885
11
149.7058370000000025
21
-128.8116389999999853
0
LINE
8
F.Cu
6
CONTINUOUS
10
149.7058370000000025
20
-128.8116389999999853
11
149.7422640000000058
21
-128.6285039999999924
0
LINE
8
F.Cu
6
CONTINUOUS
10
149.7422640000000058
20
-128.6285039999999924
11
149.8137199999999893
21
-128.4559950000000015
0
LINE
8
F.Cu
6
CONTINUOUS
10
149.8137199999999893
20
-128.4559950000000015
11
149.9174579999999821
21
-128.3007399999999905
0
LINE
8
F.Cu
6
CONTINUOUS
10
149.9174579999999821
20
-128.3007399999999905
11
150.0494899999999916
21
-128.168707999999981
0
LINE
8
F.Cu
6
CONTINUOUS
10
150.0494899999999916
20
-128.168707999999981
11
150.2047450000000026
21
-128.0649699999999882
0
LINE
8
F.Cu
6
CONTINUOUS
10
150.2047450000000026
20
-128.0649699999999882
11
150.3772539999999935
21
-127.9935139999999905
0
LINE
8
F.Cu
6
CONTINUOUS
10
150.3772539999999935
20
-127.9935139999999905
11
150.5603889999999865
21
-127.9570869999999871
0
LINE
8
F.Cu
6
CONTINUOUS
10
150.5603889999999865
20
-127.9570869999999871
11
150.7471109999999896
21
-127.9570869999999871
0
LINE
8
F.Cu
6
CONTINUOUS
10
150.7471109999999896
20
-127.9570869999999871
11
150.9302459999999826
21
-127.9935139999999905
0
LINE
8
F.Cu
6
CONTINUOUS
10
161.0902459999999792
20
-127.9935139999999905
11
161.2627549999999985
21
-128.0649699999999882
0
LINE
8
F.Cu
6
CONTINUOUS
10
161.2627549999999985
20
-128.0649699999999882
11
161.4180099999999811
21
-128.168707999999981
0
LINE
8
F.Cu
6
CONTINUOUS
10
161.4180099999999811
20
-128.168707999999981
11
161.5500419999999906
21
-128.3007399999999905
0
LINE
8
F.Cu
6
CONTINUOUS
10
161.5500419999999906
20
-128.3007399999999905
11
161.6537799999999834
21
-128.4559950000000015
0
LINE
8
F.Cu
6
CONTINUOUS
10
161.6537799999999834
20
-128.4559950000000015
11
161.7252359999999953
21
-128.6285039999999924
0
LINE
8
F.Cu
6
CONTINUOUS
10
161.7252359999999953
20
-128.6285039999999924
11
161.7616629999999986
21
-128.8116389999999853
0
LINE
8
F.Cu
6
CONTINUOUS
10
161.7616629999999986
20
-128.8116389999999853
11
161.7616629999999986
21
-128.9983609999999885
0
LINE
8
F.Cu
6
CONTINUOUS
10
161.7616629999999986
20
-128.9983609999999885
11
161.7252359999999953
21
-129.1814959999999814
0
LINE
8
F.Cu
6
CONTINUOUS
10
161.7252359999999953
20
-129.1814959999999814
11
161.6537799999999834
21
-129.3540050000000008
0
LINE
8
F.Cu
6
CONTINUOUS
10
161.6537799999999834
20
-129.3540050000000008
11
161.5500419999999906
21
-129.5092599999999834
0
LINE
8
F.Cu
6
CONTINUOUS
10
161.5500419999999906
20
-129.5092599999999834
11
161.4180099999999811
21
-129.6412919999999929
0
LINE
8
F.Cu
6
CONTINUOUS
10
161.4180099999999811
20
-129.6412919999999929
11
161.2627549999999985
21
-129.7450299999999856
0
LINE
8
F.Cu
6
CONTINUOUS
10
161.2627549999999985
20
-129.7450299999999856
11
161.0902459999999792
21
-129.8164859999999976
0
LINE
8
F.Cu
6
CONTINUOUS
10
161.0902459999999792
20
-129.8164859999999976
11
160.9071109999999862
21
-129.8529130000000009
0
LINE
8
F.Cu
6
CONTINUOUS
10
160.9071109999999862
20
-129.8529130000000009
11
160.7203889999999831
21
-129.8529130000000009
0
LINE
8
F.Cu
6
CONTINUOUS
10
160.7203889999999831
20
-129.8529130000000009
11
160.5372539999999901
21
-129.8164859999999976
0
LINE
8
F.Cu
6
CONTINUOUS
10
160.5372539999999901
20
-129.8164859999999976
11
160.3647449999999992
21
-129.7450299999999856
0
LINE
8
F.Cu
6
CONTINUOUS
10
160.3647449999999992
20
-129.7450299999999856
11
160.2094899999999882
21
-129.6412919999999929
0
LINE
8
F.Cu
6
CONTINUOUS
10
160.2094899999999882
20
-129.6412919999999929
11
160.0774579999999787
21
-129.5092599999999834
0
LINE
8
F.Cu
6
CONTINUOUS
10
160.0774579999999787
20
-129.5092599999999834
11
159.9737199999999859
21
-129.3540050000000008
0
LINE
8
F.Cu
6
CONTINUOUS
10
159.9737199999999859
20
-129.3540050000000008
11
159.9022640000000024
21
-129.1814959999999814
0
LINE
8
F.Cu
6
CONTINUOUS
10
159.9022640000000024
20
-129.1814959999999814
11
159.8658369999999991
21
-128.9983609999999885
0
LINE
8
F.Cu
6
CONTINUOUS
10
159.8658369999999991
20
-128.9983609999999885
11
159.8658369999999991
21
-128.8116389999999853
0
LINE
8
F.Cu
6
CONTINUOUS
10
159.8658369999999991
20
-128.8116389999999853
11
159.9022640000000024
21
-128.6285039999999924
0
LINE
8
F.Cu
6
CONTINUOUS
10
159.9022640000000024
20
-128.6285039999999924
11
159.9737199999999859
21
-128.4559950000000015
0
LINE
8
F.Cu
6
CONTINUOUS
10
159.9737199999999859
20
-128.4559950000000015
11
160.0774579999999787
21
-128.3007399999999905
0
LINE
8
F.Cu
6
CONTINUOUS
10
160.0774579999999787
20
-128.3007399999999905
11
160.2094899999999882
21
-128.168707999999981
0
LINE
8
F.Cu
6
CONTINUOUS
10
160.2094899999999882
20
-128.168707999999981
11
160.3647449999999992
21
-128.0649699999999882
0
LINE
8
F.Cu
6
CONTINUOUS
10
160.3647449999999992
20
-128.0649699999999882
11
160.5372539999999901
21
-127.9935139999999905
0
LINE
8
F.Cu
6
CONTINUOUS
10
160.5372539999999901
20
-127.9935139999999905
11
160.7203889999999831
21
-127.9570869999999871
0
LINE
8
F.Cu
6
CONTINUOUS
10
160.7203889999999831
20
-127.9570869999999871
11
160.9071109999999862
21
-127.9570869999999871
0
LINE
8
F.Cu
6
CONTINUOUS
10
160.9071109999999862
20
-127.9570869999999871
11
161.0902459999999792
21
-127.9935139999999905
0
LINE
8
F.Cu
6
CONTINUOUS
10
126.4461569999999995
20
-121.9712029999999885
11
126.6356889999999993
21
-122.0327860000000015
0
LINE
8
F.Cu
6
CONTINUOUS
10
126.6356889999999993
20
-122.0327860000000015
11
126.8132540000000006
21
-122.1232599999999877
0
LINE
8
F.Cu
6
CONTINUOUS
10
126.8132540000000006
20
-122.1232599999999877
11
126.9744799999999998
21
-122.2403970000000015
0
LINE
8
F.Cu
6
CONTINUOUS
10
126.9744799999999998
20
-122.2403970000000015
11
127.0477069999999884
21
-122.3080870000000004
0
LINE
8
F.Cu
6
CONTINUOUS
10
127.0477069999999884
20
-122.3080870000000004
11
128.8437590000000057
21
-124.1041389999999893
0
LINE
8
F.Cu
6
CONTINUOUS
10
128.8437590000000057
20
-124.1041389999999893
11
128.9114480000000071
21
-124.1773659999999921
0
LINE
8
F.Cu
6
CONTINUOUS
10
128.9114480000000071
20
-124.1773659999999921
11
129.02858599999999
21
-124.3385919999999913
0
LINE
8
F.Cu
6
CONTINUOUS
10
129.02858599999999
20
-124.3385919999999913
11
129.1190599999999904
21
-124.5161569999999926
0
LINE
8
F.Cu
6
CONTINUOUS
10
129.1190599999999904
20
-124.5161569999999926
11
129.1806430000000034
21
-124.7056889999999925
0
LINE
8
F.Cu
6
CONTINUOUS
10
129.1806430000000034
20
-124.7056889999999925
11
129.2118179999999938
21
-124.9025219999999905
0
LINE
8
F.Cu
6
CONTINUOUS
10
129.2118179999999938
20
-124.9025219999999905
11
129.2118179999999938
21
-125.1018079999999912
0
LINE
8
F.Cu
6
CONTINUOUS
10
129.2118179999999938
20
-125.1018079999999912
11
129.1806430000000034
21
-125.2986409999999893
0
LINE
8
F.Cu
6
CONTINUOUS
10
129.1806430000000034
20
-125.2986409999999893
11
129.1190599999999904
21
-125.4881729999999891
0
LINE
8
F.Cu
6
CONTINUOUS
10
129.1190599999999904
20
-125.4881729999999891
11
129.02858599999999
21
-125.6657379999999904
0
LINE
8
F.Cu
6
CONTINUOUS
10
129.02858599999999
20
-125.6657379999999904
11
128.9114480000000071
21
-125.8269639999999896
0
LINE
8
F.Cu
6
CONTINUOUS
10
128.9114480000000071
20
-125.8269639999999896
11
128.7705320000000029
21
-125.9678799999999939
0
LINE
8
F.Cu
6
CONTINUOUS
10
128.7705320000000029
20
-125.9678799999999939
11
128.6093060000000037
21
-126.0850179999999909
0
LINE
8
F.Cu
6
CONTINUOUS
10
128.6093060000000037
20
-126.0850179999999909
11
128.4317409999999882
21
-126.1754919999999913
0
LINE
8
F.Cu
6
CONTINUOUS
10
128.4317409999999882
20
-126.1754919999999913
11
128.2422090000000026
21
-126.2370749999999902
0
LINE
8
F.Cu
6
CONTINUOUS
10
128.2422090000000026
20
-126.2370749999999902
11
128.0453760000000045
21
-126.2682499999999948
0
LINE
8
F.Cu
6
CONTINUOUS
10
128.0453760000000045
20
-126.2682499999999948
11
127.8460899999999896
21
-126.2682499999999948
0
LINE
8
F.Cu
6
CONTINUOUS
10
127.8460899999999896
20
-126.2682499999999948
11
127.6492569999999915
21
-126.2370749999999902
0
LINE
8
F.Cu
6
CONTINUOUS
10
127.6492569999999915
20
-126.2370749999999902
11
127.4597249999999917
21
-126.1754919999999913
0
LINE
8
F.Cu
6
CONTINUOUS
10
127.4597249999999917
20
-126.1754919999999913
11
127.2821599999999904
21
-126.0850179999999909
0
LINE
8
F.Cu
6
CONTINUOUS
10
127.2821599999999904
20
-126.0850179999999909
11
127.1209339999999912
21
-125.9678799999999939
0
LINE
8
F.Cu
6
CONTINUOUS
10
127.1209339999999912
20
-125.9678799999999939
11
127.0477069999999884
21
-125.9001909999999924
0
LINE
8
F.Cu
6
CONTINUOUS
10
127.0477069999999884
20
-125.9001909999999924
11
125.2516549999999995
21
-124.1041389999999893
0
LINE
8
F.Cu
6
CONTINUOUS
10
125.2516549999999995
20
-124.1041389999999893
11
125.1839769999999987
21
-124.0309249999999963
0
LINE
8
F.Cu
6
CONTINUOUS
10
125.1839769999999987
20
-124.0309249999999963
11
125.1839650000000006
21
-124.0309129999999982
0
LINE
8
F.Cu
6
CONTINUOUS
10
125.1839650000000006
20
-124.0309129999999982
11
125.066828000000001
21
-123.869686999999999
0
LINE
8
F.Cu
6
CONTINUOUS
10
125.066828000000001
20
-123.869686999999999
11
124.9763540000000006
21
-123.6921219999999977
0
LINE
8
F.Cu
6
CONTINUOUS
10
124.9763540000000006
20
-123.6921219999999977
11
124.9147709999999876
21
-123.5025899999999979
0
LINE
8
F.Cu
6
CONTINUOUS
10
124.9147709999999876
20
-123.5025899999999979
11
124.8835959999999972
21
-123.3057569999999998
0
LINE
8
F.Cu
6
CONTINUOUS
10
124.8835959999999972
20
-123.3057569999999998
11
124.8835959999999972
21
-123.1064709999999991
0
LINE
8
F.Cu
6
CONTINUOUS
10
124.8835959999999972
20
-123.1064709999999991
11
124.9147709999999876
21
-122.9096380000000011
0
LINE
8
F.Cu
6
CONTINUOUS
10
124.9147709999999876
20
-122.9096380000000011
11
124.9763540000000006
21
-122.7201060000000012
0
LINE
8
F.Cu
6
CONTINUOUS
10
124.9763540000000006
20
-122.7201060000000012
11
124.9763540000000006
21
-122.7201049999999896
0
LINE
8
F.Cu
6
CONTINUOUS
10
124.9763540000000006
20
-122.7201049999999896
11
125.066828000000001
21
-122.5425399999999883
0
LINE
8
F.Cu
6
CONTINUOUS
10
125.066828000000001
20
-122.5425399999999883
11
125.1839650000000006
21
-122.3813139999999891
0
LINE
8
F.Cu
6
CONTINUOUS
10
125.1839650000000006
20
-122.3813139999999891
11
125.3248819999999881
21
-122.2403970000000015
0
LINE
8
F.Cu
6
CONTINUOUS
10
125.3248819999999881
20
-122.2403970000000015
11
125.4861079999999873
21
-122.1232599999999877
0
LINE
8
F.Cu
6
CONTINUOUS
10
125.4861079999999873
20
-122.1232599999999877
11
125.6636729999999886
21
-122.0327860000000015
0
LINE
8
F.Cu
6
CONTINUOUS
10
125.6636729999999886
20
-122.0327860000000015
11
125.8532049999999884
21
-121.9712029999999885
0
LINE
8
F.Cu
6
CONTINUOUS
10
125.8532049999999884
20
-121.9712029999999885
11
126.0500380000000007
21
-121.9400279999999981
0
LINE
8
F.Cu
6
CONTINUOUS
10
126.0500380000000007
20
-121.9400279999999981
11
126.2493239999999872
21
-121.9400279999999981
0
LINE
8
F.Cu
6
CONTINUOUS
10
126.2493239999999872
20
-121.9400279999999981
11
126.4461569999999995
21
-121.9712029999999885
0
LINE
8
F.Cu
6
CONTINUOUS
10
150.9302459999999826
20
-121.6435139999999961
11
151.1027550000000019
21
-121.7149699999999939
0
LINE
8
F.Cu
6
CONTINUOUS
10
151.1027550000000019
20
-121.7149699999999939
11
151.2580099999999845
21
-121.8187080000000009
0
LINE
8
F.Cu
6
CONTINUOUS
10
151.2580099999999845
20
-121.8187080000000009
11
151.390041999999994
21
-121.9507399999999961
0
LINE
8
F.Cu
6
CONTINUOUS
10
151.390041999999994
20
-121.9507399999999961
11
151.4937799999999868
21
-122.105994999999993
0
LINE
8
F.Cu
6
CONTINUOUS
10
151.4937799999999868
20
-122.105994999999993
11
151.5652359999999987
21
-122.2785039999999981
0
LINE
8
F.Cu
6
CONTINUOUS
10
151.5652359999999987
20
-122.2785039999999981
11
151.6016630000000021
21
-122.461638999999991
0
LINE
8
F.Cu
6
CONTINUOUS
10
151.6016630000000021
20
-122.461638999999991
11
151.6016630000000021
21
-122.6483609999999942
0
LINE
8
F.Cu
6
CONTINUOUS
10
151.6016630000000021
20
-122.6483609999999942
11
151.5652359999999987
21
-122.8314960000000013
0
LINE
8
F.Cu
6
CONTINUOUS
10
151.5652359999999987
20
-122.8314960000000013
11
151.4937799999999868
21
-123.0040049999999923
0
LINE
8
F.Cu
6
CONTINUOUS
10
151.4937799999999868
20
-123.0040049999999923
11
151.390041999999994
21
-123.1592599999999891
0
LINE
8
F.Cu
6
CONTINUOUS
10
151.390041999999994
20
-123.1592599999999891
11
151.2580099999999845
21
-123.2912919999999986
0
LINE
8
F.Cu
6
CONTINUOUS
10
151.2580099999999845
20
-123.2912919999999986
11
151.1027550000000019
21
-123.3950299999999913
0
LINE
8
F.Cu
6
CONTINUOUS
10
151.1027550000000019
20
-123.3950299999999913
11
150.9302459999999826
21
-123.4664859999999891
0
LINE
8
F.Cu
6
CONTINUOUS
10
150.9302459999999826
20
-123.4664859999999891
11
150.7471109999999896
21
-123.5029129999999924
0
LINE
8
F.Cu
6
CONTINUOUS
10
150.7471109999999896
20
-123.5029129999999924
11
150.5603889999999865
21
-123.5029129999999924
0
LINE
8
F.Cu
6
CONTINUOUS
10
150.5603889999999865
20
-123.5029129999999924
11
150.3772539999999935
21
-123.4664859999999891
0
LINE
8
F.Cu
6
CONTINUOUS
10
150.3772539999999935
20
-123.4664859999999891
11
150.2047450000000026
21
-123.3950299999999913
0
LINE
8
F.Cu
6
CONTINUOUS
10
150.2047450000000026
20
-123.3950299999999913
11
150.0494899999999916
21
-123.2912919999999986
0
LINE
8
F.Cu
6
CONTINUOUS
10
150.0494899999999916
20
-123.2912919999999986
11
149.9174579999999821
21
-123.1592599999999891
0
LINE
8
F.Cu
6
CONTINUOUS
10
149.9174579999999821
20
-123.1592599999999891
11
149.8137199999999893
21
-123.0040049999999923
0
LINE
8
F.Cu
6
CONTINUOUS
10
149.8137199999999893
20
-123.0040049999999923
11
149.7422640000000058
21
-122.8314960000000013
0
LINE
8
F.Cu
6
CONTINUOUS
10
149.7422640000000058
20
-122.8314960000000013
11
149.7058370000000025
21
-122.6483609999999942
0
LINE
8
F.Cu
6
CONTINUOUS
10
149.7058370000000025
20
-122.6483609999999942
11
149.7058370000000025
21
-122.461638999999991
0
LINE
8
F.Cu
6
CONTINUOUS
10
149.7058370000000025
20
-122.461638999999991
11
149.7422640000000058
21
-122.2785039999999981
0
LINE
8
F.Cu
6
CONTINUOUS
10
149.7422640000000058
20
-122.2785039999999981
11
149.8137199999999893
21
-122.105994999999993
0
LINE
8
F.Cu
6
CONTINUOUS
10
149.8137199999999893
20
-122.105994999999993
11
149.9174579999999821
21
-121.9507399999999961
0
LINE
8
F.Cu
6
CONTINUOUS
10
149.9174579999999821
20
-121.9507399999999961
11
150.0494899999999916
21
-121.8187080000000009
0
LINE
8
F.Cu
6
CONTINUOUS
10
150.0494899999999916
20
-121.8187080000000009
11
150.2047450000000026
21
-121.7149699999999939
0
LINE
8
F.Cu
6
CONTINUOUS
10
150.2047450000000026
20
-121.7149699999999939
11
150.3772539999999935
21
-121.6435139999999961
0
LINE
8
F.Cu
6
CONTINUOUS
10
150.3772539999999935
20
-121.6435139999999961
11
150.5603889999999865
21
-121.6070869999999928
0
LINE
8
F.Cu
6
CONTINUOUS
10
150.5603889999999865
20
-121.6070869999999928
11
150.7471109999999896
21
-121.6070869999999928
0
LINE
8
F.Cu
6
CONTINUOUS
10
150.7471109999999896
20
-121.6070869999999928
11
150.9302459999999826
21
-121.6435139999999961
0
LINE
8
F.Cu
6
CONTINUOUS
10
161.0902459999999792
20
-121.6435139999999961
11
161.2627549999999985
21
-121.7149699999999939
0
LINE
8
F.Cu
6
CONTINUOUS
10
161.2627549999999985
20
-121.7149699999999939
11
161.4180099999999811
21
-121.8187080000000009
0
LINE
8
F.Cu
6
CONTINUOUS
10
161.4180099999999811
20
-121.8187080000000009
11
161.5500419999999906
21
-121.9507399999999961
0
LINE
8
F.Cu
6
CONTINUOUS
10
161.5500419999999906
20
-121.9507399999999961
11
161.6537799999999834
21
-122.105994999999993
0
LINE
8
F.Cu
6
CONTINUOUS
10
161.6537799999999834
20
-122.105994999999993
11
161.7252359999999953
21
-122.2785039999999981
0
LINE
8
F.Cu
6
CONTINUOUS
10
161.7252359999999953
20
-122.2785039999999981
11
161.7616629999999986
21
-122.461638999999991
0
LINE
8
F.Cu
6
CONTINUOUS
10
161.7616629999999986
20
-122.461638999999991
11
161.7616629999999986
21
-122.6483609999999942
0
LINE
8
F.Cu
6
CONTINUOUS
10
161.7616629999999986
20
-122.6483609999999942
11
161.7252359999999953
21
-122.8314960000000013
0
LINE
8
F.Cu
6
CONTINUOUS
10
161.7252359999999953
20
-122.8314960000000013
11
161.6537799999999834
21
-123.0040049999999923
0
LINE
8
F.Cu
6
CONTINUOUS
10
161.6537799999999834
20
-123.0040049999999923
11
161.5500419999999906
21
-123.1592599999999891
0
LINE
8
F.Cu
6
CONTINUOUS
10
161.5500419999999906
20
-123.1592599999999891
11
161.4180099999999811
21
-123.2912919999999986
0
LINE
8
F.Cu
6
CONTINUOUS
10
161.4180099999999811
20
-123.2912919999999986
11
161.2627549999999985
21
-123.3950299999999913
0
LINE
8
F.Cu
6
CONTINUOUS
10
161.2627549999999985
20
-123.3950299999999913
11
161.0902459999999792
21
-123.4664859999999891
0
LINE
8
F.Cu
6
CONTINUOUS
10
161.0902459999999792
20
-123.4664859999999891
11
160.9071109999999862
21
-123.5029129999999924
0
LINE
8
F.Cu
6
CONTINUOUS
10
160.9071109999999862
20
-123.5029129999999924
11
160.7203889999999831
21
-123.5029129999999924
0
LINE
8
F.Cu
6
CONTINUOUS
10
160.7203889999999831
20
-123.5029129999999924
11
160.5372539999999901
21
-123.4664859999999891
0
LINE
8
F.Cu
6
CONTINUOUS
10
160.5372539999999901
20
-123.4664859999999891
11
160.3647449999999992
21
-123.3950299999999913
0
LINE
8
F.Cu
6
CONTINUOUS
10
160.3647449999999992
20
-123.3950299999999913
11
160.2094899999999882
21
-123.2912919999999986
0
LINE
8
F.Cu
6
CONTINUOUS
10
160.2094899999999882
20
-123.2912919999999986
11
160.0774579999999787
21
-123.1592599999999891
0
LINE
8
F.Cu
6
CONTINUOUS
10
160.0774579999999787
20
-123.1592599999999891
11
159.9737199999999859
21
-123.0040049999999923
0
LINE
8
F.Cu
6
CONTINUOUS
10
159.9737199999999859
20
-123.0040049999999923
11
159.9022640000000024
21
-122.8314960000000013
0
LINE
8
F.Cu
6
CONTINUOUS
10
159.9022640000000024
20
-122.8314960000000013
11
159.8658369999999991
21
-122.6483609999999942
0
LINE
8
F.Cu
6
CONTINUOUS
10
159.8658369999999991
20
-122.6483609999999942
11
159.8658369999999991
21
-122.461638999999991
0
LINE
8
F.Cu
6
CONTINUOUS
10
159.8658369999999991
20
-122.461638999999991
11
159.9022640000000024
21
-122.2785039999999981
0
LINE
8
F.Cu
6
CONTINUOUS
10
159.9022640000000024
20
-122.2785039999999981
11
159.9737199999999859
21
-122.105994999999993
0
LINE
8
F.Cu
6
CONTINUOUS
10
159.9737199999999859
20
-122.105994999999993
11
160.0774579999999787
21
-121.9507399999999961
0
LINE
8
F.Cu
6
CONTINUOUS
10
160.0774579999999787
20
-121.9507399999999961
11
160.2094899999999882
21
-121.8187080000000009
0
LINE
8
F.Cu
6
CONTINUOUS
10
160.2094899999999882
20
-121.8187080000000009
11
160.3647449999999992
21
-121.7149699999999939
0
LINE
8
F.Cu
6
CONTINUOUS
10
160.3647449999999992
20
-121.7149699999999939
11
160.5372539999999901
21
-121.6435139999999961
0
LINE
8
F.Cu
6
CONTINUOUS
10
160.5372539999999901
20
-121.6435139999999961
11
160.7203889999999831
21
-121.6070869999999928
0
LINE
8
F.Cu
6
CONTINUOUS
10
160.7203889999999831
20
-121.6070869999999928
11
160.9071109999999862
21
-121.6070869999999928
0
LINE
8
F.Cu
6
CONTINUOUS
10
160.9071109999999862
20
-121.6070869999999928
11
161.0902459999999792
21
-121.6435139999999961
0
LINE
8
F.Cu
6
CONTINUOUS
10
145.8702260000000024
20
-116.240089999999995
11
146.059757999999988
21
-116.3016729999999939
0
LINE
8
F.Cu
6
CONTINUOUS
10
146.059757999999988
20
-116.3016729999999939
11
146.2373230000000035
21
-116.3921469999999943
0
LINE
8
F.Cu
6
CONTINUOUS
10
146.2373230000000035
20
-116.3921469999999943
11
146.3985490000000027
21
-116.5092839999999939
0
LINE
8
F.Cu
6
CONTINUOUS
10
146.3985490000000027
20
-116.5092839999999939
11
146.5394660000000044
21
-116.6502009999999956
0
LINE
8
F.Cu
6
CONTINUOUS
10
146.5394660000000044
20
-116.6502009999999956
11
146.6566029999999898
21
-116.8114269999999948
0
LINE
8
F.Cu
6
CONTINUOUS
10
146.6566029999999898
20
-116.8114269999999948
11
146.7470769999999902
21
-116.9889919999999961
0
LINE
8
F.Cu
6
CONTINUOUS
10
146.7470769999999902
20
-116.9889919999999961
11
146.8086600000000033
21
-117.1785239999999959
0
LINE
8
F.Cu
6
CONTINUOUS
10
146.8086600000000033
20
-117.1785239999999959
11
146.8398349999999937
21
-117.3753569999999939
0
LINE
8
F.Cu
6
CONTINUOUS
10
146.8398349999999937
20
-117.3753569999999939
11
146.8398349999999937
21
-117.5746429999999947
0
LINE
8
F.Cu
6
CONTINUOUS
10
146.8398349999999937
20
-117.5746429999999947
11
146.8086600000000033
21
-117.7714759999999927
0
LINE
8
F.Cu
6
CONTINUOUS
10
146.8086600000000033
20
-117.7714759999999927
11
146.7470769999999902
21
-117.9610079999999925
0
LINE
8
F.Cu
6
CONTINUOUS
10
146.7470769999999902
20
-117.9610079999999925
11
146.6566029999999898
21
-118.1385729999999938
0
LINE
8
F.Cu
6
CONTINUOUS
10
146.6566029999999898
20
-118.1385729999999938
11
146.5394660000000044
21
-118.299798999999993
0
LINE
8
F.Cu
6
CONTINUOUS
10
146.5394660000000044
20
-118.299798999999993
11
146.3985490000000027
21
-118.4407159999999948
0
LINE
8
F.Cu
6
CONTINUOUS
10
146.3985490000000027
20
-118.4407159999999948
11
146.2373230000000035
21
-118.5578529999999944
0
LINE
8
F.Cu
6
CONTINUOUS
10
146.2373230000000035
20
-118.5578529999999944
11
146.059757999999988
21
-118.6483269999999948
0
LINE
8
F.Cu
6
CONTINUOUS
10
146.059757999999988
20
-118.6483269999999948
11
145.8702260000000024
21
-118.7099099999999936
0
LINE
8
F.Cu
6
CONTINUOUS
10
145.8702260000000024
20
-118.7099099999999936
11
145.6733930000000043
21
-118.7410849999999982
0
LINE
8
F.Cu
6
CONTINUOUS
10
145.6733930000000043
20
-118.7410849999999982
11
145.4741070000000036
21
-118.7410849999999982
0
LINE
8
F.Cu
6
CONTINUOUS
10
145.4741070000000036
20
-118.7410849999999982
11
145.2772740000000056
21
-118.7099099999999936
0
LINE
8
F.Cu
6
CONTINUOUS
10
145.2772740000000056
20
-118.7099099999999936
11
145.0877419999999915
21
-118.6483269999999948
0
LINE
8
F.Cu
6
CONTINUOUS
10
145.0877419999999915
20
-118.6483269999999948
11
144.9101770000000045
21
-118.5578529999999944
0
LINE
8
F.Cu
6
CONTINUOUS
10
144.9101770000000045
20
-118.5578529999999944
11
144.7489510000000053
21
-118.4407159999999948
0
LINE
8
F.Cu
6
CONTINUOUS
10
144.7489510000000053
20
-118.4407159999999948
11
144.6080340000000035
21
-118.299798999999993
0
LINE
8
F.Cu
6
CONTINUOUS
10
144.6080340000000035
20
-118.299798999999993
11
144.4908969999999897
21
-118.1385729999999938
0
LINE
8
F.Cu
6
CONTINUOUS
10
144.4908969999999897
20
-118.1385729999999938
11
144.4004229999999893
21
-117.9610079999999925
0
LINE
8
F.Cu
6
CONTINUOUS
10
144.4004229999999893
20
-117.9610079999999925
11
144.3388400000000047
21
-117.7714759999999927
0
LINE
8
F.Cu
6
CONTINUOUS
10
144.3388400000000047
20
-117.7714759999999927
11
144.3076649999999859
21
-117.5746429999999947
0
LINE
8
F.Cu
6
CONTINUOUS
10
144.3076649999999859
20
-117.5746429999999947
11
144.3076649999999859
21
-117.3753569999999939
0
LINE
8
F.Cu
6
CONTINUOUS
10
144.3076649999999859
20
-117.3753569999999939
11
144.3388400000000047
21
-117.1785239999999959
0
LINE
8
F.Cu
6
CONTINUOUS
10
144.3388400000000047
20
-117.1785239999999959
11
144.4004229999999893
21
-116.9889919999999961
0
LINE
8
F.Cu
6
CONTINUOUS
10
144.4004229999999893
20
-116.9889919999999961
11
144.4908969999999897
21
-116.8114269999999948
0
LINE
8
F.Cu
6
CONTINUOUS
10
144.4908969999999897
20
-116.8114269999999948
11
144.6080340000000035
21
-116.6502009999999956
0
LINE
8
F.Cu
6
CONTINUOUS
10
144.6080340000000035
20
-116.6502009999999956
11
144.7489510000000053
21
-116.5092839999999939
0
LINE
8
F.Cu
6
CONTINUOUS
10
144.7489510000000053
20
-116.5092839999999939
11
144.9101770000000045
21
-116.3921469999999943
0
LINE
8
F.Cu
6
CONTINUOUS
10
144.9101770000000045
20
-116.3921469999999943
11
145.0877419999999915
21
-116.3016729999999939
0
LINE
8
F.Cu
6
CONTINUOUS
10
145.0877419999999915
20
-116.3016729999999939
11
145.2772740000000056
21
-116.240089999999995
0
LINE
8
F.Cu
6
CONTINUOUS
10
145.2772740000000056
20
-116.240089999999995
11
145.4741070000000036
21
-116.2089149999999904
0
LINE
8
F.Cu
6
CONTINUOUS
10
145.4741070000000036
20
-116.2089149999999904
11
145.6733930000000043
21
-116.2089149999999904
0
LINE
8
F.Cu
6
CONTINUOUS
10
145.6733930000000043
20
-116.2089149999999904
11
145.8702260000000024
21
-116.240089999999995
0
LINE
8
F.Cu
6
CONTINUOUS
10
166.1902259999999956
20
-116.240089999999995
11
166.3797579999999812
21
-116.3016729999999939
0
LINE
8
F.Cu
6
CONTINUOUS
10
166.3797579999999812
20
-116.3016729999999939
11
166.5573229999999967
21
-116.3921469999999943
0
LINE
8
F.Cu
6
CONTINUOUS
10
166.5573229999999967
20
-116.3921469999999943
11
166.7185489999999959
21
-116.5092839999999939
0
LINE
8
F.Cu
6
CONTINUOUS
10
166.7185489999999959
20
-116.5092839999999939
11
166.8594659999999976
21
-116.6502009999999956
0
LINE
8
F.Cu
6
CONTINUOUS
10
166.8594659999999976
20
-116.6502009999999956
11
166.976602999999983
21
-116.8114269999999948
0
LINE
8
F.Cu
6
CONTINUOUS
10
166.976602999999983
20
-116.8114269999999948
11
167.0670769999999834
21
-116.9889919999999961
0
LINE
8
F.Cu
6
CONTINUOUS
10
167.0670769999999834
20
-116.9889919999999961
11
167.1286599999999964
21
-117.1785239999999959
0
LINE
8
F.Cu
6
CONTINUOUS
10
167.1286599999999964
20
-117.1785239999999959
11
167.1598349999999868
21
-117.3753569999999939
0
LINE
8
F.Cu
6
CONTINUOUS
10
167.1598349999999868
20
-117.3753569999999939
11
167.1598349999999868
21
-117.5746429999999947
0
LINE
8
F.Cu
6
CONTINUOUS
10
167.1598349999999868
20
-117.5746429999999947
11
167.1286599999999964
21
-117.7714759999999927
0
LINE
8
F.Cu
6
CONTINUOUS
10
167.1286599999999964
20
-117.7714759999999927
11
167.0670769999999834
21
-117.9610079999999925
0
LINE
8
F.Cu
6
CONTINUOUS
10
167.0670769999999834
20
-117.9610079999999925
11
166.976602999999983
21
-118.1385729999999938
0
LINE
8
F.Cu
6
CONTINUOUS
10
166.976602999999983
20
-118.1385729999999938
11
166.8594659999999976
21
-118.299798999999993
0
LINE
8
F.Cu
6
CONTINUOUS
10
166.8594659999999976
20
-118.299798999999993
11
166.7185489999999959
21
-118.4407159999999948
0
LINE
8
F.Cu
6
CONTINUOUS
10
166.7185489999999959
20
-118.4407159999999948
11
166.5573229999999967
21
-118.5578529999999944
0
LINE
8
F.Cu
6
CONTINUOUS
10
166.5573229999999967
20
-118.5578529999999944
11
166.3797579999999812
21
-118.6483269999999948
0
LINE
8
F.Cu
6
CONTINUOUS
10
166.3797579999999812
20
-118.6483269999999948
11
166.1902259999999956
21
-118.7099099999999936
0
LINE
8
F.Cu
6
CONTINUOUS
10
166.1902259999999956
20
-118.7099099999999936
11
165.9933929999999975
21
-118.7410849999999982
0
LINE
8
F.Cu
6
CONTINUOUS
10
165.9933929999999975
20
-118.7410849999999982
11
165.7941069999999968
21
-118.7410849999999982
0
LINE
8
F.Cu
6
CONTINUOUS
10
165.7941069999999968
20
-118.7410849999999982
11
165.5972739999999988
21
-118.7099099999999936
0
LINE
8
F.Cu
6
CONTINUOUS
10
165.5972739999999988
20
-118.7099099999999936
11
165.4077419999999847
21
-118.6483269999999948
0
LINE
8
F.Cu
6
CONTINUOUS
10
165.4077419999999847
20
-118.6483269999999948
11
165.2301769999999976
21
-118.5578529999999944
0
LINE
8
F.Cu
6
CONTINUOUS
10
165.2301769999999976
20
-118.5578529999999944
11
165.0689509999999984
21
-118.4407159999999948
0
LINE
8
F.Cu
6
CONTINUOUS
10
165.0689509999999984
20
-118.4407159999999948
11
164.9280339999999967
21
-118.299798999999993
0
LINE
8
F.Cu
6
CONTINUOUS
10
164.9280339999999967
20
-118.299798999999993
11
164.8108969999999829
21
-118.1385729999999938
0
LINE
8
F.Cu
6
CONTINUOUS
10
164.8108969999999829
20
-118.1385729999999938
11
164.7204229999999825
21
-117.9610079999999925
0
LINE
8
F.Cu
6
CONTINUOUS
10
164.7204229999999825
20
-117.9610079999999925
11
164.6588399999999979
21
-117.7714759999999927
0
LINE
8
F.Cu
6
CONTINUOUS
10
164.6588399999999979
20
-117.7714759999999927
11
164.627664999999979
21
-117.5746429999999947
0
LINE
8
F.Cu
6
CONTINUOUS
10
164.627664999999979
20
-117.5746429999999947
11
164.627664999999979
21
-117.3753569999999939
0
LINE
8
F.Cu
6
CONTINUOUS
10
164.627664999999979
20
-117.3753569999999939
11
164.6588399999999979
21
-117.1785239999999959
0
LINE
8
F.Cu
6
CONTINUOUS
10
164.6588399999999979
20
-117.1785239999999959
11
164.7204229999999825
21
-116.9889919999999961
0
LINE
8
F.Cu
6
CONTINUOUS
10
164.7204229999999825
20
-116.9889919999999961
11
164.8108969999999829
21
-116.8114269999999948
0
LINE
8
F.Cu
6
CONTINUOUS
10
164.8108969999999829
20
-116.8114269999999948
11
164.9280339999999967
21
-116.6502009999999956
0
LINE
8
F.Cu
6
CONTINUOUS
10
164.9280339999999967
20
-116.6502009999999956
11
165.0689509999999984
21
-116.5092839999999939
0
LINE
8
F.Cu
6
CONTINUOUS
10
165.0689509999999984
20
-116.5092839999999939
11
165.2301769999999976
21
-116.3921469999999943
0
LINE
8
F.Cu
6
CONTINUOUS
10
165.2301769999999976
20
-116.3921469999999943
11
165.4077419999999847
21
-116.3016729999999939
0
LINE
8
F.Cu
6
CONTINUOUS
10
165.4077419999999847
20
-116.3016729999999939
11
165.5972739999999988
21
-116.240089999999995
0
LINE
8
F.Cu
6
CONTINUOUS
10
165.5972739999999988
20
-116.240089999999995
11
165.7941069999999968
21
-116.2089149999999904
0
LINE
8
F.Cu
6
CONTINUOUS
10
165.7941069999999968
20
-116.2089149999999904
11
165.9933929999999975
21
-116.2089149999999904
0
LINE
8
F.Cu
6
CONTINUOUS
10
165.9933929999999975
20
-116.2089149999999904
11
166.1902259999999956
21
-116.240089999999995
0
CIRCLE
8
F.Cu
10
160.8137499999999989
20
-128.9050000000000011
40
0.175
0
CIRCLE
8
F.Cu
10
150.6537500000000023
20
-128.9050000000000011
40
0.175
0
CIRCLE
8
F.Cu
10
160.8137499999999989
20
-122.5549999999999926
40
0.175
0
CIRCLE
8
F.Cu
10
150.6537500000000023
20
-122.5549999999999926
40
0.175
0
CIRCLE
8
F.Cu
10
85.7249999999999943
20
-141.6049999999999898
40
0.175
0
CIRCLE
8
F.Cu
10
83.1850000000000023
20
-141.6049999999999898
40
0.175
0
CIRCLE
8
F.Cu
10
80.644999999999996
20
-141.6049999999999898
40
0.175
0
CIRCLE
8
F.Cu
10
78.1049999999999898
20
-141.6049999999999898
40
0.175
0
CIRCLE
8
F.Cu
10
145.5737499999999898
20
-133.9849999999999852
40
0.175
0
CIRCLE
8
F.Cu
10
165.8937499999999829
20
-133.9849999999999852
40
0.175
0
CIRCLE
8
F.Cu
10
145.5737499999999898
20
-117.4749999999999943
40
0.175
0
CIRCLE
8
F.Cu
10
165.8937499999999829
20
-117.4749999999999943
40
0.175
0
CIRCLE
8
F.Cu
10
160.8137499999999989
20
-141.6049999999999898
40
0.175
0
CIRCLE
8
F.Cu
10
158.2737500000000068
20
-141.6049999999999898
40
0.175
0
CIRCLE
8
F.Cu
10
155.7337499999999864
20
-141.6049999999999898
40
0.175
0
CIRCLE
8
F.Cu
10
153.1937499999999943
20
-141.6049999999999898
40
0.175
0
CIRCLE
8
F.Cu
10
150.6537500000000023
20
-141.6049999999999898
40
0.175
0
CIRCLE
8
F.Cu
10
120.8746649999999931
20
-132.0732329999999877
40
0.175
0
CIRCLE
8
F.Cu
10
119.9766399999999891
20
-131.1752070000000003
40
0.175
0
CIRCLE
8
F.Cu
10
132.435859999999991
20
-129.4922929999999894
40
0.175
0
CIRCLE
8
F.Cu
10
131.5378350000000012
20
-128.5942670000000021
40
0.175
0
CIRCLE
8
F.Cu
10
126.1496810000000011
20
-123.2061139999999995
40
0.175
0
CIRCLE
8
F.Cu
10
127.0477069999999884
20
-124.1041389999999893
40
0.175
0
CIRCLE
8
F.Cu
10
125.3647929999999917
20
-136.5633609999999862
40
0.175
0
CIRCLE
8
F.Cu
10
126.2628189999999933
20
-137.4613860000000045
40
0.175
0
CIRCLE
8
F.Cu
10
82.5499999999999972
20
-125.4074999999999989
40
0.175
0
CIRCLE
8
F.Cu
10
80.0099999999999909
20
-125.4074999999999989
40
0.175
0
CIRCLE
8
F.Cu
10
77.4699999999999989
20
-125.4074999999999989
40
0.175
0
CIRCLE
8
F.Cu
10
96.9962499999999892
20
-136.5250000000000057
40
0.15
0
CIRCLE
8
F.Cu
10
78.1049999999999898
20
-139.0649999999999977
40
0.5
0
CIRCLE
8
F.Cu
10
83.1850000000000023
20
-139.0649999999999977
40
0.5
0
CIRCLE
8
F.Cu
10
80.644999999999996
20
-139.0649999999999977
40
0.5
0
CIRCLE
8
F.Cu
10
160.8137499999999989
20
-139.0649999999999977
40
0.5
0
CIRCLE
8
F.Cu
10
150.6537500000000023
20
-139.0649999999999977
40
0.5
0
CIRCLE
8
F.Cu
10
155.7337499999999864
20
-139.0649999999999977
40
0.5
0
CIRCLE
8
F.Cu
10
85.7249999999999943
20
-139.0649999999999977
40
0.5
0
CIRCLE
8
F.Cu
10
96.9962499999999892
20
-128.9050000000000011
40
0.15
0
LINE
8
F.Cu
6
CONTINUOUS
10
73.0249999999999915
20
-146.0499999999999829
11
73.0249999999999915
21
-114.2999999999999972
0
LINE
8
F.Cu
6
CONTINUOUS
10
171.4499999999999886
20
-114.2999999999999972
11
73.0249999999999915
21
-114.2999999999999972
0
LINE
8
F.Cu
6
CONTINUOUS
10
171.4499999999999886
20
-114.2999999999999972
11
171.4499999999999886
21
-146.0499999999999829
0
LINE
8
F.Cu
6
CONTINUOUS
10
171.4499999999999886
20
-146.0499999999999829
11
73.0249999999999915
21
-146.0499999999999829
0
CIRCLE
8
F.Cu
10
96.9962499999999892
20
-136.5250000000000057
40
0.15
0
CIRCLE
8
F.Cu
10
78.1049999999999898
20
-139.0649999999999977
40
0.175
0
CIRCLE
8
F.Cu
10
83.1850000000000023
20
-139.0649999999999977
40
0.175
0
CIRCLE
8
F.Cu
10
80.644999999999996
20
-139.0649999999999977
40
0.175
0
CIRCLE
8
F.Cu
10
160.8137499999999989
20
-139.0649999999999977
40
0.175
0
CIRCLE
8
F.Cu
10
150.6537500000000023
20
-139.0649999999999977
40
0.175
0
CIRCLE
8
F.Cu
10
155.7337499999999864
20
-139.0649999999999977
40
0.175
0
CIRCLE
8
F.Cu
10
85.7249999999999943
20
-139.0649999999999977
40
0.175
0
CIRCLE
8
F.Cu
10
96.9962499999999892
20
-128.9050000000000011
40
0.15
0
CIRCLE
8
F.Cu
10
160.8137499999999989
20
-128.9050000000000011
40
0.175
0
CIRCLE
8
F.Cu
10
150.6537500000000023
20
-128.9050000000000011
40
0.175
0
CIRCLE
8
F.Cu
10
160.8137499999999989
20
-122.5549999999999926
40
0.175
0
CIRCLE
8
F.Cu
10
150.6537500000000023
20
-122.5549999999999926
40
0.175
0
CIRCLE
8
F.Cu
10
85.7249999999999943
20
-141.6049999999999898
40
0.175
0
CIRCLE
8
F.Cu
10
83.1850000000000023
20
-141.6049999999999898
40
0.175
0
CIRCLE
8
F.Cu
10
80.644999999999996
20
-141.6049999999999898
40
0.175
0
CIRCLE
8
F.Cu
10
78.1049999999999898
20
-141.6049999999999898
40
0.175
0
CIRCLE
8
F.Cu
10
145.5737499999999898
20
-133.9849999999999852
40
0.175
0
CIRCLE
8
F.Cu
10
165.8937499999999829
20
-133.9849999999999852
40
0.175
0
CIRCLE
8
F.Cu
10
145.5737499999999898
20
-117.4749999999999943
40
0.175
0
CIRCLE
8
F.Cu
10
165.8937499999999829
20
-117.4749999999999943
40
0.175
0
CIRCLE
8
F.Cu
10
160.8137499999999989
20
-141.6049999999999898
40
0.175
0
CIRCLE
8
F.Cu
10
158.2737500000000068
20
-141.6049999999999898
40
0.175
0
CIRCLE
8
F.Cu
10
155.7337499999999864
20
-141.6049999999999898
40
0.175
0
CIRCLE
8
F.Cu
10
153.1937499999999943
20
-141.6049999999999898
40
0.175
0
CIRCLE
8
F.Cu
10
150.6537500000000023
20
-141.6049999999999898
40
0.175
0
CIRCLE
8
F.Cu
10
120.8746649999999931
20
-132.0732329999999877
40
0.175
0
CIRCLE
8
F.Cu
10
119.0786139999999875
20
-130.2771809999999846
40
0.175
0
CIRCLE
8
F.Cu
10
133.3338860000000068
20
-130.3903190000000052
40
0.175
0
CIRCLE
8
F.Cu
10
131.5378350000000012
20
-128.5942670000000021
40
0.175
0
CIRCLE
8
F.Cu
10
126.1496810000000011
20
-123.2061139999999995
40
0.175
0
CIRCLE
8
F.Cu
10
127.9457329999999899
20
-125.0021649999999909
40
0.175
0
CIRCLE
8
F.Cu
10
124.4667669999999902
20
-135.6653349999999989
40
0.175
0
CIRCLE
8
F.Cu
10
126.2628189999999933
20
-137.4613860000000045
40
0.175
0
CIRCLE
8
F.Cu
10
82.5499999999999972
20
-125.4074999999999989
40
0.175
0
CIRCLE
8
F.Cu
10
80.0099999999999909
20
-125.4074999999999989
40
0.175
0
CIRCLE
8
F.Cu
10
77.4699999999999989
20
-125.4074999999999989
40
0.175
  0
ENDSEC
  0
EOF
